SET NAMES UTF8;
DROP DATABASE IF EXISTS xm;
CREATE DATABASE xm CHARSET=UTF8;
USE xm;


/**手机型号家族**/
CREATE TABLE xm_laptop_family(
  fid INT PRIMARY KEY AUTO_INCREMENT,
  fname VARCHAR(32)
);

/**手机型号家族**/
INSERT INTO xm_laptop_family VALUES
(NULL,'小米系列'),
(NULL,'红米系列'),
(NULL,'平板'),
(NULL,'游戏本15.6"'),
(NULL,'笔记本12.5"'),
(NULL,'笔记本15.6"'),
(NULL,'笔记本13.3"'),
(NULL,'键盘鼠标"'),
(NULL,'桌面办公'),
(NULL,'适配器');



/**手机**/
CREATE TABLE xm_laptop(
  lid INT PRIMARY KEY AUTO_INCREMENT,
  family_id INT,              #所属型号家族编号
  title VARCHAR(128),         #主标题
  subtitle VARCHAR(128),      #副标题
  price DECIMAL(10,2),        #价格
  promise VARCHAR(64),        #服务承诺
  spec VARCHAR(64),           #规格/颜色

  lname VARCHAR(32),          #商品名称
  memory VARCHAR(32),         #内存容量
  cpu VARCHAR(32),            #处理器
  video_memory VARCHAR(32),   #显存容量
  category VARCHAR(32),       #所属分类

  shelf_time INT,            #上架时间
  stoke_count INT,             #已售出的数量
  is_onsale BOOLEAN           #是否促销中
);

/* 数据信息 */
INSERT INTO xm_laptop VALUES
(1,1,'√12.12特惠，4GB+64GB 灰色 增移动电源」','潮流镜面渐变色/2400万自拍旗舰/7.5mm超薄机身/6.26"小刘海全面屏/AI裸妆美颜/晓龙660AIE处理器',1399,'*退货补运费 *30天无忧退货 *48小时快速退款 *72小时发货','小米8青春版4GB+64GB 深空灰','小米8 青春版','64GB','骁龙660AIE','4GB','小米系列','2018/11/20',2968,true),
(2,1,'','潮流镜面渐变色/2400万自拍旗舰/7.5mm超薄机身/6.26"小刘海全面屏/AI裸妆美颜/晓龙660AIE处理器',1699,'*退货补运费 *30天无忧退货 *48小时快速退款 *72小时发货','小米8青春版6GB+64GB 深空灰','小米8 青春版','64GB','骁龙660AIE','6GB','小米系列','2018/11/20',2599,true),
(3,1,'√4GB+128GB 大容量现款，现货热卖中」','潮流镜面渐变色/2400万自拍旗舰/7.5mm超薄机身/6.26"小刘海全面屏/AI裸妆美颜/晓龙660AIE处理器',1799,'*退货补运费 *30天无忧退货 *48小时快速退款 *72小时发货','小米8青春版4GB+128GB 梦幻蓝','小米8 青春版','128GB','骁龙660AIE','4GB','小米系列','2018/11/20',1239,true),
(4,1,'','潮流镜面渐变色/2400万自拍旗舰/7.5mm超薄机身/6.26"小刘海全面屏/AI裸妆美颜/晓龙660AIE处理器',1999,'*退货补运费 *30天无忧退货 *48小时快速退款 *72小时发货','小米8青春版6GB+128GB 梦幻蓝','小米8 青春版','128GB','骁龙660AIE','6GB','小米系列','2018/11/20',2968,true),
(5,2,'√12.12特惠，6GB+64GB 到手价2299元」','潮流镜面渐变色/2400万自拍旗舰/7.5mm超薄机身/6.26"小刘海全面屏/AI裸妆美颜/晓龙660AIE处理器',1399,'*退货补运费 *30天无忧退货 *48小时快速退款 *72小时发货','小米8青春版4GB+64GB 深空灰','小米8 青春版','64GB','骁龙660AIE','4GB','小米系列','2018/11/20',2968,true),
(6,2,'√12.12特惠，4GB+64GB 灰色 增移动电源」','潮流镜面渐变色/2400万自拍旗舰/7.5mm超薄机身/6.26"小刘海全面屏/AI裸妆美颜/晓龙660AIE处理器',1399,'*退货补运费 *30天无忧退货 *48小时快速退款 *72小时发货','小米8青春版4GB+64GB 深空灰','小米8 青春版','64GB','骁龙660AIE','4GB','小米系列','2018/11/20',2968,true),
(7,1,'√12.12特惠，4GB+64GB 灰色 增移动电源」','潮流镜面渐变色/2400万自拍旗舰/7.5mm超薄机身/6.26"小刘海全面屏/AI裸妆美颜/晓龙660AIE处理器',1399,'*退货补运费 *30天无忧退货 *48小时快速退款 *72小时发货','小米8青春版4GB+64GB 深空灰','小米8 青春版','64GB','骁龙660AIE','4GB','小米系列','2018/11/20',2968,true),
(8,1,'√12.12特惠，4GB+64GB 灰色 增移动电源」','潮流镜面渐变色/2400万自拍旗舰/7.5mm超薄机身/6.26"小刘海全面屏/AI裸妆美颜/晓龙660AIE处理器',1399,'*退货补运费 *30天无忧退货 *48小时快速退款 *72小时发货','小米8青春版4GB+64GB 深空灰','小米8 青春版','64GB','骁龙660AIE','4GB','小米系列','2018/11/20',2968,true),
(9,1,'√12.12特惠，4GB+64GB 灰色 增移动电源」','潮流镜面渐变色/2400万自拍旗舰/7.5mm超薄机身/6.26"小刘海全面屏/AI裸妆美颜/晓龙660AIE处理器',1399,'*退货补运费 *30天无忧退货 *48小时快速退款 *72小时发货','小米8青春版4GB+64GB 深空灰','小米8 青春版','64GB','骁龙660AIE','4GB','小米系列','2018/11/20',2968,true),
(10,1,'√12.12特惠，4GB+64GB 灰色 增移动电源」','潮流镜面渐变色/2400万自拍旗舰/7.5mm超薄机身/6.26"小刘海全面屏/AI裸妆美颜/晓龙660AIE处理器',1399,'*退货补运费 *30天无忧退货 *48小时快速退款 *72小时发货','小米8青春版4GB+64GB 深空灰','小米8 青春版','64GB','骁龙660AIE','4GB','小米系列','2018/11/20',2968,true),
(11,1,'√12.12特惠，4GB+64GB 灰色 增移动电源」','潮流镜面渐变色/2400万自拍旗舰/7.5mm超薄机身/6.26"小刘海全面屏/AI裸妆美颜/晓龙660AIE处理器',1399,'*退货补运费 *30天无忧退货 *48小时快速退款 *72小时发货','小米8青春版4GB+64GB 深空灰','小米8 青春版','64GB','骁龙660AIE','4GB','小米系列','2018/11/20',2968,true),
(12,1,'√12.12特惠，4GB+64GB 灰色 增移动电源」','潮流镜面渐变色/2400万自拍旗舰/7.5mm超薄机身/6.26"小刘海全面屏/AI裸妆美颜/晓龙660AIE处理器',1399,'*退货补运费 *30天无忧退货 *48小时快速退款 *72小时发货','小米8青春版4GB+64GB 深空灰','小米8 青春版','64GB','骁龙660AIE','4GB','小米系列','2018/11/20',2968,true),
(13,1,'√12.12特惠，4GB+64GB 灰色 增移动电源」','潮流镜面渐变色/2400万自拍旗舰/7.5mm超薄机身/6.26"小刘海全面屏/AI裸妆美颜/晓龙660AIE处理器',1399,'*退货补运费 *30天无忧退货 *48小时快速退款 *72小时发货','小米8青春版4GB+64GB 深空灰','小米8 青春版','64GB','骁龙660AIE','4GB','小米系列','2018/11/20',2968,true),
(14,1,'√12.12特惠，4GB+64GB 灰色 增移动电源」','潮流镜面渐变色/2400万自拍旗舰/7.5mm超薄机身/6.26"小刘海全面屏/AI裸妆美颜/晓龙660AIE处理器',1399,'*退货补运费 *30天无忧退货 *48小时快速退款 *72小时发货','小米8青春版4GB+64GB 深空灰','小米8 青春版','64GB','骁龙660AIE','4GB','小米系列','2018/11/20',2968,true),
(15,1,'√12.12特惠，4GB+64GB 灰色 增移动电源」','潮流镜面渐变色/2400万自拍旗舰/7.5mm超薄机身/6.26"小刘海全面屏/AI裸妆美颜/晓龙660AIE处理器',1399,'*退货补运费 *30天无忧退货 *48小时快速退款 *72小时发货','小米8青春版4GB+64GB 深空灰','小米8 青春版','64GB','骁龙660AIE','4GB','小米系列','2018/11/20',2968,true),
(16,1,'√12.12特惠，4GB+64GB 灰色 增移动电源」','潮流镜面渐变色/2400万自拍旗舰/7.5mm超薄机身/6.26"小刘海全面屏/AI裸妆美颜/晓龙660AIE处理器',1399,'*退货补运费 *30天无忧退货 *48小时快速退款 *72小时发货','小米8青春版4GB+64GB 深空灰','小米8 青春版','64GB','骁龙660AIE','4GB','小米系列','2018/11/20',2968,true),
(17,1,'√12.12特惠，4GB+64GB 灰色 增移动电源」','潮流镜面渐变色/2400万自拍旗舰/7.5mm超薄机身/6.26"小刘海全面屏/AI裸妆美颜/晓龙660AIE处理器',1399,'*退货补运费 *30天无忧退货 *48小时快速退款 *72小时发货','小米8青春版4GB+64GB 深空灰','小米8 青春版','64GB','骁龙660AIE','4GB','小米系列','2018/11/20',2968,true),
(18,1,'√12.12特惠，4GB+64GB 灰色 增移动电源」','潮流镜面渐变色/2400万自拍旗舰/7.5mm超薄机身/6.26"小刘海全面屏/AI裸妆美颜/晓龙660AIE处理器',1399,'*退货补运费 *30天无忧退货 *48小时快速退款 *72小时发货','小米8青春版4GB+64GB 深空灰','小米8 青春版','64GB','骁龙660AIE','4GB','小米系列','2018/11/20',2968,true);


/* 图片地址 */
CREATE TABLE xm_laptop_pic(
  pid INT PRIMARY KEY AUTO_INCREMENT,
  laptop_id INT,              #手机编号
  img VARCHAR(128)            #图片路径
);


/* 商品图片路径 */
INSERT INTO xm_laptop_pic VALUES
(NULL, 1, 'http://127.0.0.1:3000/img/product/1.jpg'),
(NULL, 1, 'http://127.0.0.1:3000/img/product/2.jpg'),
(NULL, 1, 'http://127.0.0.1:3000/img/product/3.jpg'),
(NULL, 1, 'http://127.0.0.1:3000/img/product/4.jpg'),
(NULL, 2, 'http://127.0.0.1:3000/img/product/5.jpg'),
(NULL, 2, 'http://127.0.0.1:3000/img/product/6.jpg'),
(NULL, 2, 'http://127.0.0.1:3000/img/product/7.jpg'),
(NULL, 2, 'http://127.0.0.1:3000/img/product/8.jpg'),
(NULL, 3, 'http://127.0.0.1:3000/img/product/9.jpg'),
(NULL, 3, 'http://127.0.0.1:3000/img/product/10.jpg'),
(NULL, 3, 'http://127.0.0.1:3000/img/product/11.jpg'),
(NULL, 3, 'http://127.0.0.1:3000/img/product/11.jpg'),
(NULL, 4, 'http://127.0.0.1:3000/img/product/11.jpg'),
(NULL, 4, 'http://127.0.0.1:3000/img/product/11.jpg'),
(NULL, 4, 'http://127.0.0.1:3000/img/product/11.jpg'),
(NULL, 4, 'http://127.0.0.1:3000/img/product/11.jpg'),
(NULL, 5, 'http://127.0.0.1:3000/img/product/11.jpg'),
(NULL, 5, 'http://127.0.0.1:3000/img/product/11.jpg'),
(NULL, 5, 'http://127.0.0.1:3000/img/product/11.jpg'),
(NULL, 5, 'http://127.0.0.1:3000/img/product/11.jpg'),
(NULL, 6, 'http://127.0.0.1:3000/img/product/11.jpg'),
(NULL, 6, 'http://127.0.0.1:3000/img/product/11.jpg'),
(NULL, 6, 'http://127.0.0.1:3000/img/product/11.jpg'),
(NULL, 6, 'http://127.0.0.1:3000/img/product/11.jpg'),
(NULL, 7, 'http://127.0.0.1:3000/img/product/11.jpg'),
(NULL, 7, 'http://127.0.0.1:3000/img/product/11.jpg'),
(NULL, 7, 'http://127.0.0.1:3000/img/product/11.jpg'),
(NULL, 7, 'http://127.0.0.1:3000/img/product/11.jpg'),
(NULL, 8, 'http://127.0.0.1:3000/img/product/11.jpg'),
(NULL, 8, 'http://127.0.0.1:3000/img/product/11.jpg'),
(NULL, 8, 'http://127.0.0.1:3000/img/product/11.jpg'),
(NULL, 8, 'http://127.0.0.1:3000/img/product/11.jpg'),
(NULL, 9, 'http://127.0.0.1:3000/img/product/11.jpg'),
(NULL, 9, 'http://127.0.0.1:3000/img/product/11.jpg'),
(NULL, 9, 'http://127.0.0.1:3000/img/product/11.jpg'),
(NULL, 9, 'http://127.0.0.1:3000/img/product/11.jpg'),
(NULL, 10, 'http://127.0.0.1:3000/img/product/11.jpg'),
(NULL, 10, 'http://127.0.0.1:3000/img/product/11.jpg'),
(NULL, 10, 'http://127.0.0.1:3000/img/product/11.jpg'),
(NULL, 10, 'http://127.0.0.1:3000/img/product/11.jpg'),
(NULL, 11, 'http://127.0.0.1:3000/img/product/11.jpg'),
(NULL, 11, 'http://127.0.0.1:3000/img/product/11.jpg'),
(NULL, 11, 'http://127.0.0.1:3000/img/product/11.jpg'),
(NULL, 11, 'http://127.0.0.1:3000/img/product/11.jpg'),
(NULL, 12, 'http://127.0.0.1:3000/img/product/11.jpg'),
(NULL, 12, 'http://127.0.0.1:3000/img/product/11.jpg'),
(NULL, 12, 'http://127.0.0.1:3000/img/product/11.jpg'),
(NULL, 12, 'http://127.0.0.1:3000/img/product/11.jpg'),
(NULL, 13, 'http://127.0.0.1:3000/img/product/11.jpg'),
(NULL, 13, 'http://127.0.0.1:3000/img/product/11.jpg'),
(NULL, 13, 'http://127.0.0.1:3000/img/product/11.jpg'),
(NULL, 13, 'http://127.0.0.1:3000/img/product/11.jpg'),
(NULL, 14, 'http://127.0.0.1:3000/img/product/11.jpg'),
(NULL, 14, 'http://127.0.0.1:3000/img/product/11.jpg'),
(NULL, 14, 'http://127.0.0.1:3000/img/product/11.jpg'),
(NULL, 14, 'http://127.0.0.1:3000/img/product/11.jpg'),
(NULL, 15, 'http://127.0.0.1:3000/img/product/11.jpg'),
(NULL, 15, 'http://127.0.0.1:3000/img/product/11.jpg'),
(NULL, 15, 'http://127.0.0.1:3000/img/product/11.jpg'),
(NULL, 15, 'http://127.0.0.1:3000/img/product/11.jpg'),
(NULL, 16, 'http://127.0.0.1:3000/img/product/11.jpg'),
(NULL, 16, 'http://127.0.0.1:3000/img/product/11.jpg');



/* 主页轮播图 */
CREATE TABLE xm_index_banner(
  bid INT PRIMARY KEY AUTO_INCREMENT,
  img_url VARCHAR(128)            #图片路径
);

/* 主页轮播 */
INSERT INTO xm_index_banner VALUES
(NULL, 'http://127.0.0.1:3000/img/index_banner/1.jpg'),
(NULL, 'http://127.0.0.1:3000/img/index_banner/2.jpg'),
(NULL, 'http://127.0.0.1:3000/img/index_banner/3.jpg'),
(NULL, 'http://127.0.0.1:3000/img/index_banner/4.jpg'),
(NULL, 'http://127.0.0.1:3000/img/index_banner/5.jpg');



/* 商品分类信息 */
CREATE TABLE xm_class_info(
  cid INT PRIMARY KEY AUTO_INCREMENT,
  class_id INT,              #所属型号家族编号
  img_url VARCHAR(128),      #图片路径
  class_title VARCHAR(10)	 #分类类名
);

/* 商品分类信息 */
INSERT INTO xm_class_info VALUES
(NULL,1,'http://127.0.0.1:3000/img/class/class1/1.jpg','家电手机'),
(NULL,1,'http://127.0.0.1:3000/img/class/class1/2.jpg','服饰鞋包'),
(NULL,1,'http://127.0.0.1:3000/img/class/class1/3.jpg','出行健康'),
(NULL,1,'http://127.0.0.1:3000/img/class/class1/4.jpg','餐厨饮食'),
(NULL,1,'http://127.0.0.1:3000/img/class/class1/5.jpg','智能影音'),
(NULL,1,'http://127.0.0.1:3000/img/class/class1/6.jpg','居家日用'),
(NULL,1,'http://127.0.0.1:3000/img/class/class1/7.jpg','女神会场'),
(NULL,1,'http://127.0.0.1:3000/img/class/class1/8.jpg','自营会场'),
(NULL,1,'http://127.0.0.1:3000/img/class/class1/9.jpg','趋势榜单'),
(NULL,2,'http://127.0.0.1:3000/img/class/class2/1.jpg','居家热卖'),
(NULL,2,'http://127.0.0.1:3000/img/class/class2/2.jpg','新品推荐'),
(NULL,2,'http://127.0.0.1:3000/img/class/class2/3.jpg','床垫'),
(NULL,2,'http://127.0.0.1:3000/img/class/class2/4.jpg','秋冬专区'),
(NULL,2,'http://127.0.0.1:3000/img/class/class2/5.jpg','灯具'),
(NULL,2,'http://127.0.0.1:3000/img/class/class2/6.jpg','家具'),
(NULL,2,'http://127.0.0.1:3000/img/class/class2/7.jpg','被子'),
(NULL,2,'http://127.0.0.1:3000/img/class/class2/8.jpg','枕头'),
(NULL,2,'http://127.0.0.1:3000/img/class/class2/9.jpg','床品件套'),
(NULL,2,'http://127.0.0.1:3000/img/class/class2/10.jpg','家具收纳'),
(NULL,2,'http://127.0.0.1:3000/img/class/class2/11.jpg','厨房卫浴'),
(NULL,2,'http://127.0.0.1:3000/img/class/class2/12.jpg','家饰花卉'),
(NULL,2,'http://127.0.0.1:3000/img/class/class2/13.jpg','布艺软装'),
(NULL,3,'http://127.0.0.1:3000/img/class/class3/1.jpg','新品推荐'),
(NULL,3,'http://127.0.0.1:3000/img/class/class3/2.jpg','暖冬好物'),
(NULL,3,'http://127.0.0.1:3000/img/class/class3/3.jpg','清洁电器'),
(NULL,3,'http://127.0.0.1:3000/img/class/class3/4.jpg','生活电器'),
(NULL,3,'http://127.0.0.1:3000/img/class/class3/5.jpg','洗衣机'),
(NULL,3,'http://127.0.0.1:3000/img/class/class3/6.jpg','冰箱'),
(NULL,3,'http://127.0.0.1:3000/img/class/class3/7.jpg','净水器'),
(NULL,3,'http://127.0.0.1:3000/img/class/class3/8.jpg','空气净化器'),
(NULL,3,'http://127.0.0.1:3000/img/class/class3/9.jpg','新风系统'),
(NULL,3,'http://127.0.0.1:3000/img/class/class3/10.jpg','空调/风扇'),
(NULL,3,'http://127.0.0.1:3000/img/class/class3/11.jpg','厨房家电'),
(NULL,3,'http://127.0.0.1:3000/img/class/class3/12.jpg','配件耗材'),
(NULL,4,'http://127.0.0.1:3000/img/class/class4/1.jpg','智能家庭套装'),
(NULL,4,'http://127.0.0.1:3000/img/class/class4/2.jpg','安防'),
(NULL,4,'http://127.0.0.1:3000/img/class/class4/3.jpg','网关/传感器'),
(NULL,4,'http://127.0.0.1:3000/img/class/class4/4.jpg','路由器'),
(NULL,4,'http://127.0.0.1:3000/img/class/class4/5.jpg','开关插座'),
(NULL,4,'http://127.0.0.1:3000/img/class/class4/6.jpg','酷玩'),
(NULL,4,'http://127.0.0.1:3000/img/class/class4/7.jpg','相机'),
(NULL,4,'http://127.0.0.1:3000/img/class/class4/8.jpg','穿戴'),
(NULL,4,'http://127.0.0.1:3000/img/class/class4/9.jpg','健康'),
(NULL,5,'http://127.0.0.1:3000/img/class/class5/1.jpg','热卖爆品'),
(NULL,5,'http://127.0.0.1:3000/img/class/class5/2.jpg','新品上线'),
(NULL,5,'http://127.0.0.1:3000/img/class/class5/3.jpg','厨房电器'),
(NULL,5,'http://127.0.0.1:3000/img/class/class5/4.jpg','锅具'),
(NULL,5,'http://127.0.0.1:3000/img/class/class5/5.jpg','杯壶'),
(NULL,5,'http://127.0.0.1:3000/img/class/class5/6.jpg','刀剪砧板'),
(NULL,5,'http://127.0.0.1:3000/img/class/class5/7.jpg','厨房净水'),
(NULL,5,'http://127.0.0.1:3000/img/class/class5/8.jpg','茶咖酒具'),
(NULL,5,'http://127.0.0.1:3000/img/class/class5/9.jpg','功能厨具'),
(NULL,5,'http://127.0.0.1:3000/img/class/class5/10.jpg','餐具'),
(NULL,5,'http://127.0.0.1:3000/img/class/class5/11.jpg','厨房清洁'),
(NULL,5,'http://127.0.0.1:3000/img/class/class5/12.jpg','保鲜收纳'),
(NULL,6,'http://127.0.0.1:3000/img/class/class6/1.jpg','热卖推荐'),
(NULL,6,'http://127.0.0.1:3000/img/class/class6/2.jpg','新品推荐'),
(NULL,6,'http://127.0.0.1:3000/img/class/class6/3.jpg','羽绒服'),
(NULL,6,'http://127.0.0.1:3000/img/class/class6/4.jpg','外套'),
(NULL,6,'http://127.0.0.1:3000/img/class/class6/5.jpg','裤装'),
(NULL,6,'http://127.0.0.1:3000/img/class/class6/6.jpg','卫衣'),
(NULL,6,'http://127.0.0.1:3000/img/class/class6/7.jpg','T恤'),
(NULL,6,'http://127.0.0.1:3000/img/class/class6/8.jpg','衬衫'),
(NULL,6,'http://127.0.0.1:3000/img/class/class6/9.jpg','针织毛衫'),
(NULL,6,'http://127.0.0.1:3000/img/class/class6/10.jpg','时尚女装'),
(NULL,6,'http://127.0.0.1:3000/img/class/class6/11.jpg','运动装'),
(NULL,6,'http://127.0.0.1:3000/img/class/class6/12.jpg','内衣'),
(NULL,6,'http://127.0.0.1:3000/img/class/class6/13.jpg','内裤'),
(NULL,6,'http://127.0.0.1:3000/img/class/class6/14.jpg','家居服'),
(NULL,6,'http://127.0.0.1:3000/img/class/class6/15.jpg','袜子'),
(NULL,6,'http://127.0.0.1:3000/img/class/class6/16.jpg','手表'),
(NULL,6,'http://127.0.0.1:3000/img/class/class6/17.jpg','收拾'),
(NULL,6,'http://127.0.0.1:3000/img/class/class6/18.jpg','配饰'),
(NULL,6,'http://127.0.0.1:3000/img/class/class6/19.jpg','眼镜'),
(NULL,7,'http://127.0.0.1:3000/img/class/class7/1.jpg','热卖推荐'),
(NULL,7,'http://127.0.0.1:3000/img/class/class7/2.jpg','新品推荐'),
(NULL,7,'http://127.0.0.1:3000/img/class/class7/3.jpg','运动/户外鞋'),
(NULL,7,'http://127.0.0.1:3000/img/class/class7/4.jpg','凉鞋/拖鞋'),
(NULL,7,'http://127.0.0.1:3000/img/class/class7/5.jpg','男鞋'),
(NULL,7,'http://127.0.0.1:3000/img/class/class7/6.jpg','女鞋'),
(NULL,7,'http://127.0.0.1:3000/img/class/class7/7.jpg','鞋配'),
(NULL,7,'http://127.0.0.1:3000/img/class/class7/8.jpg','旅行箱'),
(NULL,7,'http://127.0.0.1:3000/img/class/class7/9.jpg','背包'),
(NULL,7,'http://127.0.0.1:3000/img/class/class7/10.jpg','女士包装'),
(NULL,7,'http://127.0.0.1:3000/img/class/class7/11.jpg','功能箱包'),
(NULL,7,'http://127.0.0.1:3000/img/class/class7/12.jpg','钱包/卡包'),
(NULL,8,'http://127.0.0.1:3000/img/class/class8/1.jpg','热卖推荐'),
(NULL,8,'http://127.0.0.1:3000/img/class/class8/2.jpg','新品推荐'),
(NULL,8,'http://127.0.0.1:3000/img/class/class8/3.jpg','小米系列'),
(NULL,8,'http://127.0.0.1:3000/img/class/class8/4.jpg','红米系列'),
(NULL,8,'http://127.0.0.1:3000/img/class/class8/5.jpg','平板'),
(NULL,8,'http://127.0.0.1:3000/img/class/class8/6.jpg','游戏本15.6"'),
(NULL,8,'http://127.0.0.1:3000/img/class/class8/7.jpg','笔记本12.5"'),
(NULL,8,'http://127.0.0.1:3000/img/class/class8/8.jpg','笔记本15.6"'),
(NULL,8,'http://127.0.0.1:3000/img/class/class8/9.jpg','笔记本13.3"'),
(NULL,8,'http://127.0.0.1:3000/img/class/class8/10.jpg','鼠标键盘'),
(NULL,8,'http://127.0.0.1:3000/img/class/class8/11.jpg','桌面办公'),
(NULL,8,'http://127.0.0.1:3000/img/class/class8/12.jpg','适配器'),
(NULL,9,'http://127.0.0.1:3000/img/class/class9/1.jpg','32-40英寸'),
(NULL,9,'http://127.0.0.1:3000/img/class/class9/2.jpg','43英寸'),
(NULL,9,'http://127.0.0.1:3000/img/class/class9/3.jpg','49-50英寸'),
(NULL,9,'http://127.0.0.1:3000/img/class/class9/4.jpg','55-59英寸'),
(NULL,9,'http://127.0.0.1:3000/img/class/class9/5.jpg','65英寸及以上'),
(NULL,9,'http://127.0.0.1:3000/img/class/class9/6.jpg','投影'),
(NULL,9,'http://127.0.0.1:3000/img/class/class9/7.jpg','音箱'),
(NULL,9,'http://127.0.0.1:3000/img/class/class9/8.jpg','盒子'),
(NULL,9,'http://127.0.0.1:3000/img/class/class9/9.jpg','阅读器'),
(NULL,9,'http://127.0.0.1:3000/img/class/class9/10.jpg','播放器'),
(NULL,9,'http://127.0.0.1:3000/img/class/class9/11.jpg','影音周边'),
(NULL,9,'http://127.0.0.1:3000/img/class/class9/12.jpg','耳机'),
(NULL,9,'http://127.0.0.1:3000/img/class/class9/13.jpg','安装服务'),
(NULL,10,'http://127.0.0.1:3000/img/class/class10/1.jpg','新品推荐'),
(NULL,10,'http://127.0.0.1:3000/img/class/class10/2.jpg','保健器械'),
(NULL,10,'http://127.0.0.1:3000/img/class/class10/3.jpg','康体监护'),
(NULL,10,'http://127.0.0.1:3000/img/class/class10/4.jpg','运动健身'),
(NULL,10,'http://127.0.0.1:3000/img/class/class10/5.jpg','泳衣泳具'),
(NULL,10,'http://127.0.0.1:3000/img/class/class10/6.jpg','护理护具'),
(NULL,11,'http://127.0.0.1:3000/img/class/class11/1.jpg','新品推荐'),
(NULL,11,'http://127.0.0.1:3000/img/class/class11/2.jpg','抗击雾霾'),
(NULL,11,'http://127.0.0.1:3000/img/class/class11/3.jpg','骑行'),
(NULL,11,'http://127.0.0.1:3000/img/class/class11/4.jpg','平衡车/滑板'),
(NULL,11,'http://127.0.0.1:3000/img/class/class11/5.jpg','户外装备'),
(NULL,11,'http://127.0.0.1:3000/img/class/class11/6.jpg','车载电器'),
(NULL,11,'http://127.0.0.1:3000/img/class/class11/7.jpg','汽车内饰'),
(NULL,11,'http://127.0.0.1:3000/img/class/class11/8.jpg','车载配件'),
(NULL,12,'http://127.0.0.1:3000/img/class/class12/1.jpg','新品'),
(NULL,12,'http://127.0.0.1:3000/img/class/class12/2.jpg','口腔清洁'),
(NULL,12,'http://127.0.0.1:3000/img/class/class12/3.jpg','洗护工具'),
(NULL,12,'http://127.0.0.1:3000/img/class/class12/4.jpg','毛巾浴巾'),
(NULL,12,'http://127.0.0.1:3000/img/class/class12/5.jpg','基础护肤'),
(NULL,12,'http://127.0.0.1:3000/img/class/class12/6.jpg','身体护理'),
(NULL,12,'http://127.0.0.1:3000/img/class/class12/7.jpg','彩妆香氛'),
(NULL,12,'http://127.0.0.1:3000/img/class/class12/8.jpg','居家清洁'),
(NULL,13,'http://127.0.0.1:3000/img/class/class13/1.jpg','热卖爆款'),
(NULL,13,'http://127.0.0.1:3000/img/class/class13/2.jpg','新品推荐'),
(NULL,13,'http://127.0.0.1:3000/img/class/class13/3.jpg','日用'),
(NULL,13,'http://127.0.0.1:3000/img/class/class13/4.jpg','纸品湿巾'),
(NULL,13,'http://127.0.0.1:3000/img/class/class13/5.jpg','工具'),
(NULL,13,'http://127.0.0.1:3000/img/class/class13/6.jpg','清洁'),
(NULL,13,'http://127.0.0.1:3000/img/class/class13/7.jpg','宠物'),
(NULL,13,'http://127.0.0.1:3000/img/class/class13/8.jpg','文具'),
(NULL,13,'http://127.0.0.1:3000/img/class/class13/9.jpg','收纳'),
(NULL,14,'http://127.0.0.1:3000/img/class/class14/1.jpg','婴童热卖'),
(NULL,14,'http://127.0.0.1:3000/img/class/class14/2.jpg','婴童新品'),
(NULL,14,'http://127.0.0.1:3000/img/class/class14/3.jpg','玩具'),
(NULL,14,'http://127.0.0.1:3000/img/class/class14/4.jpg','出行'),
(NULL,14,'http://127.0.0.1:3000/img/class/class14/5.jpg','婴童服饰'),
(NULL,14,'http://127.0.0.1:3000/img/class/class14/6.jpg','儿童穿戴'),
(NULL,14,'http://127.0.0.1:3000/img/class/class14/7.jpg','童鞋童包'),
(NULL,14,'http://127.0.0.1:3000/img/class/class14/8.jpg','喂养'),
(NULL,14,'http://127.0.0.1:3000/img/class/class14/9.jpg','洗护'),
(NULL,14,'http://127.0.0.1:3000/img/class/class14/10.jpg','寝居'),
(NULL,15,'http://127.0.0.1:3000/img/class/class15/1.jpg','新品'),
(NULL,15,'http://127.0.0.1:3000/img/class/class15/2.jpg','方便速食'),
(NULL,15,'http://127.0.0.1:3000/img/class/class15/3.jpg','酒水'),
(NULL,15,'http://127.0.0.1:3000/img/class/class15/4.jpg','生鲜'),
(NULL,15,'http://127.0.0.1:3000/img/class/class15/5.jpg','滋补'),
(NULL,15,'http://127.0.0.1:3000/img/class/class15/6.jpg','零食'),
(NULL,15,'http://127.0.0.1:3000/img/class/class15/7.jpg','乳品冲调'),
(NULL,15,'http://127.0.0.1:3000/img/class/class15/8.jpg','茗茶'),
(NULL,15,'http://127.0.0.1:3000/img/class/class15/9.jpg','粮油调味'),
(NULL,16,'http://127.0.0.1:3000/img/class/class16/1.jpg','热卖推荐'),
(NULL,16,'http://127.0.0.1:3000/img/class/class16/2.jpg','新品推荐'),
(NULL,16,'http://127.0.0.1:3000/img/class/class16/3.jpg','小米自营'),
(NULL,16,'http://127.0.0.1:3000/img/class/class16/4.jpg','办公周边'),
(NULL,16,'http://127.0.0.1:3000/img/class/class16/5.jpg','电源/电池'),
(NULL,16,'http://127.0.0.1:3000/img/class/class16/6.jpg','手机周边'),
(NULL,16,'http://127.0.0.1:3000/img/class/class16/7.jpg','耳机'),
(NULL,16,'http://127.0.0.1:3000/img/class/class16/8.jpg','电竞'),
(NULL,16,'http://127.0.0.1:3000/img/class/class16/9.jpg','适配器'),
(NULL,16,'http://127.0.0.1:3000/img/class/class16/10.jpg','数据线'),
(NULL,16,'http://127.0.0.1:3000/img/class/class16/11.jpg','插线板'),
(NULL,16,'http://127.0.0.1:3000/img/class/class16/12.jpg','音箱');


/* 分类banner图 */
CREATE TABLE xm_class_banner(
  cbid INT PRIMARY KEY AUTO_INCREMENT,
  img_url VARCHAR(128)            #图片路径
);


INSERT INTO xm_class_banner VALUES
(1,'http://127.0.0.1:3000/img/class/class-banner/1.jpg'),
(2,'http://127.0.0.1:3000/img/class/class-banner/2.jpg'),
(3,'http://127.0.0.1:3000/img/class/class-banner/3.jpg'),
(4,'http://127.0.0.1:3000/img/class/class-banner/4.jpg'),
(5,'http://127.0.0.1:3000/img/class/class-banner/5.jpg'),
(6,'http://127.0.0.1:3000/img/class/class-banner/6.jpg'),
(7,'http://127.0.0.1:3000/img/class/class-banner/7.jpg'),
(8,'http://127.0.0.1:3000/img/class/class-banner/8.jpg'),
(9,'http://127.0.0.1:3000/img/class/class-banner/9.jpg'),
(10,'http://127.0.0.1:3000/img/class/class-banner/10.jpg'),
(11,'http://127.0.0.1:3000/img/class/class-banner/11.jpg'),
(12,'http://127.0.0.1:3000/img/class/class-banner/12.jpg'),
(13,'http://127.0.0.1:3000/img/class/class-banner/13.jpg'),
(14,'http://127.0.0.1:3000/img/class/class-banner/14.jpg'),
(15,'http://127.0.0.1:3000/img/class/class-banner/15.jpg'),
(16,'http://127.0.0.1:3000/img/class/class-banner/16.jpg');




/* 产品信息 */
CREATE TABLE xm_product_list(
  pid INT PRIMARY KEY AUTO_INCREMENT,
  pcid INT,
  p_title VARCHAR(50),
  P_active VARCHAR(10),
  pname VARCHAR(32),
  p_price INT,
  p_img_url VARCHAR(255)
);

INSERT INTO xm_product_list VALUES
(NULL,1,'骁龙845处理器，双频GPS','新品','小米8',2499,'http://127.0.0.1:3000/img/product-list/hap/1.png'),
(NULL,1,'AI人脸解锁，小屏高性能','新品','红米6A',569,'http://127.0.0.1:3000/img/product-list/hap/2.png'),
(NULL,1,'滑盖全面屏，曲面彩色陶瓷机身','','小米MIX3',3299,'http://127.0.0.1:3000/img/product-list/hap/3.png'),
(NULL,1,'骁龙660处理器，AI双摄','新品','小米6X',1299,'http://127.0.0.1:3000/img/product-list/hap/4.png'),
(NULL,1,'镜面渐变色，2400万自拍旗舰','','小米8青春版',1399,'http://127.0.0.1:3000/img/product-list/hap/5.png'),
(NULL,1,'AI双摄，高颜值大电量','新品','红米6 Pro',869,'http://127.0.0.1:3000/img/product-list/hap/6.png'),
(NULL,1,'即热式恒温供水，喷嘴双重自清洁','新品','智米智能马桶盖',959,'http://127.0.0.1:3000/img/product-list/hap/7.png'),
(NULL,1,'扫拖一体，清扫性能更强！','','石头扫地机器人',2499,'http://127.0.0.1:3000/img/product-list/hap/8.png'),
(NULL,1,'对流式加热，通电即热，  无感静音，双重安装保护','','智米电暖器',269,'http://127.0.0.1:3000/img/product-list/hap/9.jpg'),
(NULL,1,'RO反渗透技术，深层净水，400加仑大流量，满足家庭日常使用，3合1强化滤芯','','小米净水器 1A（厨下式）',1499,'http://127.0.0.1:3000/img/product-list/hap/10.png'),
(NULL,1,'高风量提供新氧，有效防霾去甲醛，  全天使用节能静音','新品','智米新风系统 壁挂式',299,'http://127.0.0.1:3000/img/product-list/hap/11.jpg'),
(NULL,1,'高精度激光测距，智能规划路径','','米家扫地机器人',1699,'http://127.0.0.1:3000/img/product-list/hap/12.png'),
(NULL,1,'澎湃动力，净化能力更快更强','','米家空气净化器Pro',1499,'http://127.0.0.1:3000/img/product-list/hap/13.png'),
(NULL,1,'经典再升级，好空气看得见','','小米米家空气净化器2S',899,'http://127.0.0.1:3000/img/product-list/hap/14.jpg'),
(NULL,1,'一级能效，强劲冷暖','新品','智米全直流变频空调',3499,'http://127.0.0.1:3000/img/product-list/hap/15.png'),
(NULL,1,'五层塔式净化，鲜氧充沛，静音节能，智能控制','新品','造梦者负离子静音新风机',4599,'http://127.0.0.1:3000/img/product-list/hap/16.png'),
(NULL,1,'300m³超大风量，让全家  尽享好空气','新品','造梦者富氧全屋壁挂式新风机',7599,'http://127.0.0.1:3000/img/product-list/hap/17.png'),
(NULL,1,'送除螨刷，轻便大吸力，长久续航','新品','睿米手持无线吸尘器',1549,'http://127.0.0.1:3000/img/product-list/hap/18.png'),
(NULL,1,'告别混洗，私人专属洗衣机','新品','小吉水珠壁挂洗衣机',2499,'http://127.0.0.1:3000/img/product-list/hap/19.png'),
(NULL,1,'衣服洗净即烘干，无需晾晒直接穿','新品','云米洗烘一体机 8kg',2499,'http://127.0.0.1:3000/img/product-list/hap/20.png'),
(NULL,1,'RO反渗透直出纯净水，隐藏安装','','小米净水器(厨下式)',1999,'http://127.0.0.1:3000/img/product-list/hap/21.png'),
(NULL,1,'风冷无霜，触控面板，精准控温，6大冷藏保鲜模式','新品','小吉迷你复古风冷冰箱',1799,'http://127.0.0.1:3000/img/product-list/hap/22.png'),
(NULL,1,'轻松晾晒,小户型不占地儿','新品','邦先生智能晾衣机',1089,'http://127.0.0.1:3000/img/product-list/hap/23.png'),
(NULL,1,'双管速热，安心沐浴，恒久温暖','新品','云米电热水器 60L',999,'http://127.0.0.1:3000/img/product-list/hap/24.png'),
(NULL,1,'干净不伤衣，平稳不打扰','','云米滚筒洗衣机 8kg',1699,'http://127.0.0.1:3000/img/product-list/hap/25.png'),
(NULL,1,'变频恒温，沐浴的每一刻都温暖','','云米燃气热水器 13L',1099,'http://127.0.0.1:3000/img/product-list/hap/26.png'),
(NULL,1,'486L大容量，风冷无霜，360°循环出风，智能app控制','','云米十字四门冰箱 486L',2699,'http://127.0.0.1:3000/img/product-list/hap/27.png'),
(NULL,1,'更大容量，更多衣物一次洗完','','云米滚筒洗衣机 10kg',2299,'http://127.0.0.1:3000/img/product-list/hap/28.png'),
(NULL,1,'智能操作，90度高温煮洗 ','','摩鱼智能洗衣机',999,'http://127.0.0.1:3000/img/product-list/hap/29.png'),
(NULL,1,'大而纤薄，冷而无霜','','云米对开门冰箱 483L',2399,'http://127.0.0.1:3000/img/product-list/hap/30.png'),
(NULL,1,'小户型专属简而美的高级感，澎湃吸力，持久续航，轻盈无线，高效除尘','新品','睿米无线吸尘器F8E 菁英版',849,'http://127.0.0.1:3000/img/product-list/hap/31.png'),
(NULL,1,'性能不打折，滤芯不用换','新品','贝昂空气净化器',1899,'http://127.0.0.1:3000/img/product-list/hap/32.png'),
(NULL,1,'渗透式杀菌除螨 洁净伴眠','新品','德尔玛无线除蟎真空吸尘器',799,'http://127.0.0.1:3000/img/product-list/hap/33.png'),
(NULL,1,'更轻便 更好用','新品','莱克吉米立式多功能无线吸尘器',1799,'http://127.0.0.1:3000/img/product-list/hap/34.png'),
(NULL,1,'摆脱水源限制 净水触手可及','新品','莱克吉米智能免安装净水机',1799,'http://127.0.0.1:3000/img/product-list/hap/35.png'),
(NULL,1,'AI双摄，小屏高性能','新品','红米6',729,'http://127.0.0.1:3000/img/product-list/hap/36.png'),
(NULL,1,'骁龙710处理器，AI双摄','新品','小米8 SE',1699,'http://127.0.0.1:3000/img/product-list/hap/37.png'),
(NULL,1,'超长续航 / AI人脸识别','','小米平板4 / 平板4Plus',1099,'http://127.0.0.1:3000/img/product-list/hap/38.png'),
(NULL,1,'液冷散热，骁龙845处理器','新品','黑鲨游戏手机',2599,'http://127.0.0.1:3000/img/product-list/hap/39.png'),
(NULL,1,'6.9"全面屏，5500毫安','新品','小米Max3',1599,'http://127.0.0.1:3000/img/product-list/hap/40.png'),
(NULL,1,'静音保湿，触摸控制，智能防干烧','','VH"漫"桌面加湿器',65,'http://127.0.0.1:3000/img/product-list/hap/41.png'),
(NULL,1,'适配很多数码设备，一物多用','','ZMI USB充电器65W快充版 3口',149,'http://127.0.0.1:3000/img/product-list/hap/42.png'),
(NULL,1,'多设备可用，线长1m','','星卡三合一数据线',59,'http://127.0.0.1:3000/img/product-list/hap/43.png'),
(NULL,1,'手电筒+移动电源，一物多用','','SOLOVE素乐随身手电筒移动电源',65,'http://127.0.0.1:3000/img/product-list/hap/44.png'),
(NULL,1,'智能降噪，指尖操控，小爱同学','新品','索尼WH-1000XM2无线降噪耳机',1599,'http://127.0.0.1:3000/img/product-list/hap/45.png'),
(NULL,1,'无线连接，持久续航，轻巧入耳','新品','索尼WI-1000X颈挂式蓝牙降噪耳机',1499,'http://127.0.0.1:3000/img/product-list/hap/46.png'),
(NULL,1,'2种连接，1键切换，支持多系统','','米物蓝牙双模键盘',249,'http://127.0.0.1:3000/img/product-list/hap/47.png'),
(NULL,1,'支持Qi无线充电，红点设计大奖','','米物智能鼠标垫',249,'http://127.0.0.1:3000/img/product-list/hap/48.png'),
(NULL,1,'布艺机身，冬天不冷，品质非常好','新品','ZMI移动电源10000mAh 高配版',144,'http://127.0.0.1:3000/img/product-list/hap/49.png'),
(NULL,1,'多协议快充，智能识别','新品','ZMI 无线充电器（套装版）',199,'http://127.0.0.1:3000/img/product-list/hap/50.png'),
(NULL,1,'循环使用，即用即充，快速充满','','ZMI 镍氢充电电池',39,'http://127.0.0.1:3000/img/product-list/hap/51.png'),
(NULL,1,'6大接口，扩展更多需求','','海备思Type-C多功能转换器',199,'http://127.0.0.1:3000/img/product-list/hap/52.png'),
(NULL,1,'铝合金外壳，充电与支架二合一','','Panki手机充电支架',79,'http://127.0.0.1:3000/img/product-list/hap/53.png'),
(NULL,1,'高效散热，简约设计，稳固支撑','','L-Stand笔记本电脑支架',49,'http://127.0.0.1:3000/img/product-list/hap/54.png'),
(NULL,1,'3档高度可调，通透散热','','E-Stand笔记本电脑支架',138,'http://127.0.0.1:3000/img/product-list/hap/55.png'),
(NULL,1,'过载断电保护，高温阻燃','','青米插线板（三孔位）',35,'http://127.0.0.1:3000/img/product-list/hap/56.jpg'),
(NULL,1,'双层台面，手动无极升降，不接线','','乐歌办公升降台',699,'http://127.0.0.1:3000/img/product-list/hap/57.png'),
(NULL,1,'微软安全认证，快速识别，高识别率','新品','指思智能指纹鼠标',179,'http://127.0.0.1:3000/img/product-list/hap/58.png'),
(NULL,1,'单手无极升降，上下臂可旋转','','乐歌笔记本支架',599,'http://127.0.0.1:3000/img/product-list/hap/59.png'),
(NULL,2,'曲面蓝宝石玻璃，进口全自动机械','新品','轻派机械表',489,'http://127.0.0.1:3000/img/product-list/csb/1.png'),
(NULL,2,'80%鹅绒，蓄热功能里布','新品','户外休闲中长厚款鹅绒羽绒服',569,'http://127.0.0.1:3000/img/product-list/csb/2.png'),
(NULL,2,'防风防雨，90%鸭绒，透气干爽','新品','三合一旅行夹克（情侣款）',399,'http://127.0.0.1:3000/img/product-list/csb/3.png'),
(NULL,2,'插电持续发热，90%白鹅绒','新品','石墨烯温控发热羽绒马甲',279,'http://127.0.0.1:3000/img/product-list/csb/4.png'),
(NULL,2,'4级防水，可拆卸设计，中长款','新品','三合一中长款旅行夹克',399,'http://127.0.0.1:3000/img/product-list/csb/5.png'),
(NULL,2,'杜邦科技免清洗，国际设计师设计','新品','杜邦纸面厚款鹅绒服（男女同款）',459,'http://127.0.0.1:3000/img/product-list/csb/6.png'),
(NULL,2,'进口美棉，快速排汗','新品','微型窗干爽男士内裤 3条装',89,'http://127.0.0.1:3000/img/product-list/csb/7.png'),
(NULL,2,'进口美棉，透气舒适','新品','棉质男士内裤 3条装',85,'http://127.0.0.1:3000/img/product-list/csb/8.jpg'),
(NULL,2,'60%蓝光阻隔率，进口镜架','新品','TS防蓝光护目镜',239,'http://127.0.0.1:3000/img/product-list/csb/9.jpg'),
(NULL,2,'经典美式风潮，牛仔休闲更有范','新品','七面植鞣皮黄铜扣手工皮带',119,'http://127.0.0.1:3000/img/product-list/csb/10.jpg'),
(NULL,2,'恒温循环，舒适透气','新品','男女温暖长袖打底衫',69,'http://127.0.0.1:3000/img/product-list/csb/11.jpg'),
(NULL,2,'双面镂空设计，荣获红点奖','新品','全镂空机械表',828,'http://127.0.0.1:3000/img/product-list/csb/12.png'),
(NULL,2,'100%新疆长绒棉，成衣免烫，  挺括有型','新品','防皱免烫衬衫',179,'http://127.0.0.1:3000/img/product-list/csb/13.png'),
(NULL,2,'招财瑞兽，足金材质，3D硬金工艺，  祝福好礼','新品','足金招财貔貅手链',914,'http://127.0.0.1:3000/img/product-list/csb/14.jpg'),
(NULL,2,'优质弹力，亲肤柔软，窄脚裤型','','男式高弹舒适牛仔裤',129,'http://127.0.0.1:3000/img/product-list/csb/15.png'),
(NULL,2,'有效抑制细菌滋生，呵护健康肌肤','新品','银离子抗菌T恤 两件装',69,'http://127.0.0.1:3000/img/product-list/csb/16.jpg'),
(NULL,2,'高贵铂金，璀璨磨砂，极简美学，真爱永恒','新品','唯一有你铂金戒指',684,'http://127.0.0.1:3000/img/product-list/csb/17.jpg'),
(NULL,2,'满钻效果，双面可戴','新品','钻石珐琅心形18K金项链',1159,'http://127.0.0.1:3000/img/product-list/csb/18.jpg'),
(NULL,2,'欧式建筑设计，大气百搭','新品','爱随心动18K金钻石项链',1799,'http://127.0.0.1:3000/img/product-list/csb/19.png'),
(NULL,2,'单手无极升降，上下臂磁导电面料，有效排除静电可旋转','','磁导电亲肤牛仔',199,'http://127.0.0.1:3000/img/product-list/csb/20.png'),
(NULL,2,'仿古法手工，复古时尚，经典传承','新品','“圆满”足金手镯',4899,'http://127.0.0.1:3000/img/product-list/csb/21.png'),
(NULL,2,'副钻环绕闪耀，奢牌同源','新品','18K金钻石项链、耳钉EMBRACE系列（双色可选）',1839,'http://127.0.0.1:3000/img/product-list/csb/22.png'),
(NULL,2,'防风保暖，五指触屏，细腻柔软','新品','西班牙小羊皮触屏手套（情侣款）',95,'http://127.0.0.1:3000/img/product-list/csb/23.png'),
(NULL,2,'90%鹅绒，保暖防钻绒','新品','立体充鹅绒羽绒茄克（男女款）',319,'http://127.0.0.1:3000/img/product-list/csb/24.png'),
(NULL,2,'高科技蓄热棉，4级防泼水','新品','蓄热保暖空军夹克（男女款）',219,'http://127.0.0.1:3000/img/product-list/csb/25.png'),
(NULL,2,'多维弹力，防风保暖，双重锁绒','新品','针织舒弹厚款羽绒服',499,'http://127.0.0.1:3000/img/product-list/csb/26.png'),
(NULL,2,' 90%白鹅绒，御寒防泼水','新品','极限探索厚款羽绒服',839,'http://127.0.0.1:3000/img/product-list/csb/27.png'),
(NULL,2,'100%纯羊毛，轻奢时尚','新品','100%纯羊毛大衣（男女款）',649,'http://127.0.0.1:3000/img/product-list/csb/28.png'),
(NULL,2,'90%鹅绒，防水拉链，双面穿着','新品','男士双面穿羽绒服（2.0版）',309,'http://127.0.0.1:3000/img/product-list/csb/29.png'),
(NULL,2,'弹力柔软，保暖锁温，抑菌除臭','新品','秋冬咖啡碳保暖抓绒牛仔裤',139,'http://127.0.0.1:3000/img/product-list/csb/30.png'),
(NULL,2,'精选面料，匠心工艺，亲肤舒适','新品','亲肤经典牛仔裤（男款）',95,'http://127.0.0.1:3000/img/product-list/csb/31.png'),
(NULL,2,'90%高清洁白鸭绒，保暖透气','新品','长款羽绒服女款',599,'http://127.0.0.1:3000/img/product-list/csb/32.png'),
(NULL,2,'足金材质，仿古法手工','新品','足金平安扣挂坠',1599,'http://127.0.0.1:3000/img/product-list/csb/33.png'),
(NULL,2,'智能温控，90优质灰鹅绒','新品','无缝锁温发热鹅绒服',529,'http://127.0.0.1:3000/img/product-list/csb/34.png'),
(NULL,2,'原色养牛精品，古拙织造工艺','新品','经典赤耳牛仔裤（珍藏系列）',199,'http://127.0.0.1:3000/img/product-list/csb/35.png'),
(NULL,2,'经典设计，珍贵宝石，奢牌同源','新品','秘密花园系列项链（双色可选）',1709,'http://127.0.0.1:3000/img/product-list/csb/36.png'),
(NULL,2,'静音耐磨万向轮，抗划伤','新品','90分七道杠旅行箱',329,'http://127.0.0.1:3000/img/product-list/csb/37.png'),
(NULL,2,'全铝合金框架结构，坚固升级','新品','90分轻致铝框旅行箱',299,'http://127.0.0.1:3000/img/product-list/csb/38.jpg'),
(NULL,2,'打造都市专属性格','新品','90分户外双肩包',199,'http://127.0.0.1:3000/img/product-list/csb/39.png'),
(NULL,2,'400D面料抗撕裂，EVA减震','新品','全天候机能背包',179,'http://127.0.0.1:3000/img/product-list/csb/40.jpg'),
(NULL,2,'美国优质皮胚，一包两用','新品','英伦复古轻奢级马鞍包',299,'http://127.0.0.1:3000/img/product-list/csb/41.png'),
(NULL,2,'iF德国设计大奖，铝镁合金','新品','金属旅行箱（24寸）',2599,'http://127.0.0.1:3000/img/product-list/csb/42.png'),
(NULL,2,'4级防泼水，超大容量','新品','活力学院休闲双肩包',149,'http://127.0.0.1:3000/img/product-list/csb/43.png'),
(NULL,2,'鱼骨锁紧系统，ETPU高弹中底','新品','云弹减震运动鞋（男女款）',209,'http://127.0.0.1:3000/img/product-list/csb/44.png'),
(NULL,2,'减震高弹，防滑耐磨','新品','羚羊轻户外跑鞋',189,'http://127.0.0.1:3000/img/product-list/csb/45.png'),
(NULL,2,'轻舒有度 自由呼吸','新品','软木舒适鞋垫',25,'http://127.0.0.1:3000/img/product-list/csb/46.png'),
(NULL,2,'天然抗菌防臭，高弹饱满垫脚','新品','秋冬居家棉拖鞋',37.9,'http://127.0.0.1:3000/img/product-list/csb/47.png'),
(NULL,2,'恒温保暖，细腻柔软，双重吸湿','新品','软木羊毛鞋垫',42,'http://127.0.0.1:3000/img/product-list/csb/48.png'),
(NULL,2,'里外全小羊皮，美并舒适，做漂亮实力派','新品','小羊皮高跟女鞋',219,'http://127.0.0.1:3000/img/product-list/csb/49.png'),
(NULL,2,'丝柔感反绒牛皮，透气牛皮里面，分区按摩式鞋底','新品','反绒牛皮豆豆鞋',219,'http://127.0.0.1:3000/img/product-list/csb/50.png'),
(NULL,2,'头层小牛皮，免系带易穿脱','新品','头层小牛皮乐福鞋',349,'http://127.0.0.1:3000/img/product-list/csb/51.png'),
(NULL,2,'防滑静音，极度轻盈，手工缝制','新品','绅士格纹家居拖鞋',35,'http://127.0.0.1:3000/img/product-list/csb/52.png'),
(NULL,2,'弹性EVA外底，特制楦型','新品','弧形魔术带凉鞋',59,'http://127.0.0.1:3000/img/product-list/csb/53.png'),
(NULL,2,'质感植鞣皮，抗菌防臭','新品','轻质植鞣皮低帮板鞋',259,'http://127.0.0.1:3000/img/product-list/csb/54.png'),
(NULL,2,'进口头层牛皮，防滑大底','新品','经典牛皮工装靴',349,'http://127.0.0.1:3000/img/product-list/csb/55.jpg'),
(NULL,2,'亲肤健康皮料，柔韧防护美耐底','新品','小牛皮浅口乐福女鞋',219,'http://127.0.0.1:3000/img/product-list/csb/56.png'),
(NULL,2,'轻质高弹，跨界时尚，全能鞋款','新品','轻质运动德比鞋（男女同款）',279,'http://127.0.0.1:3000/img/product-list/csb/57.png'),
(NULL,2,'反毛牛皮，柔软轻弹，时尚百搭','新品','轻软牛皮沙漠靴',220,'http://127.0.0.1:3000/img/product-list/csb/58.png'),
(NULL,2,'头层水牛皮，轻弹发泡底','新品','头层牛皮轻弹户外休闲鞋',259,'http://127.0.0.1:3000/img/product-list/csb/59.png'),
(NULL,2,'经典牛皮，硬朗有型','新品','“疯马牛皮”厚底工装单鞋',389,'http://127.0.0.1:3000/img/product-list/csb/60.png'),
(NULL,2,'湿地防滑，防水透气，缓震灵活','新品','Forest防水V底户外跑鞋',279,'http://127.0.0.1:3000/img/product-list/csb/61.png'),
(NULL,2,'厚软头层牛皮，加厚隔寒大底','新品','软牛皮羊毛垫保暖皮靴',379,'http://127.0.0.1:3000/img/product-list/csb/62.png'),
(NULL,2,'柔软轻盈，保暖舒适，高弹行走','新品','素雅风纯色家居棉拖鞋',39,'http://127.0.0.1:3000/img/product-list/csb/63.png'),
(NULL,2,'粒面头层牛皮，羊皮内垫','新品','一体成型运动缓震皮鞋',399,'http://127.0.0.1:3000/img/product-list/csb/64.png'),



/*  第二天  */
(NULL,3,'CREE 1000流明进口灯珠','','极蜂强光变焦手电筒',149,'http://127.0.0.1:3000/img/product-list/cxjk/1.png'),
(NULL,3,'多模式骑行，便携折叠','','HIMO电动助力自行车',1799,'http://127.0.0.1:3000/img/product-list/cxjk/2.png'),
(NULL,3,'1944P 500万像素，ADAS高级驾辅，智能语音声控，电子狗，停车监控','','70迈智能记录仪',349,'http://127.0.0.1:3000/img/product-list/cxjk/3.png'),
(NULL,3,'小朋友的大玩具，老顽童的小赛车','','平衡车卡丁改装套件',2999,'http://127.0.0.1:3000/img/product-list/cxjk/4.png'),
(NULL,3,'大于60KM电助力续航，轻便折叠，14寸轮径，双碟刹安全制动，三色可选','','HIMO电动助力自行车 PLUS',2199,'http://127.0.0.1:3000/img/product-list/cxjk/5.png'),
(NULL,3,'智能定位防丢设计，极简实用11档变速','','骑记智能山地自行车',1999,'http://127.0.0.1:3000/img/product-list/cxjk/6.png'),
(NULL,3,'60D记忆绵，3-5s慢回弹，  咖啡丝面料，呵护脊椎','','睿米记忆绵久坐套装',59,'http://127.0.0.1:3000/img/product-list/cxjk/7.png'),
(NULL,3,'多车型适配  音乐播放','','音乐蓝牙车充（弹片式）',99,'http://127.0.0.1:3000/img/product-list/cxjk/8.jpg'),
(NULL,3,'自动光感警示灯/磁吸式充电','新品','城市轻骑智能闪盔',149,'http://127.0.0.1:3000/img/product-list/cxjk/9.png'),
(NULL,3,'90mm物镜口径/高分辨率成像/天地两用/连接手机拍照','','极蜂天文望远镜 ',1999,'http://127.0.0.1:3000/img/product-list/cxjk/10.png'),
(NULL,3,'车规级内置传感器/进口芯片/实时监控/双充电续航/智能唤醒/智能互联','','70迈胎压监测仪',349,'http://127.0.0.1:3000/img/product-list/cxjk/11.png'),
(NULL,3,'8倍黄金倍率，超宽带多层镀膜，IP67级充氮防水','','极蜂双筒望远镜',299,'http://127.0.0.1:3000/img/product-list/cxjk/12.png'),
(NULL,3,'解放双手看世界','','70迈智能后视镜青春版 ',799,'http://127.0.0.1:3000/img/product-list/cxjk/13.png'),
(NULL,3,'去除雾霾二手烟花粉病毒','新品','清蜓多用版负离子净化器',489,'http://127.0.0.1:3000/img/product-list/cxjk/14.png'),
(NULL,3,'优质选材，版型精准，安全防滑，耐温耐磨','新品','全包围汽车地垫',499,'http://127.0.0.1:3000/img/product-list/cxjk/15.png'),
(NULL,3,'植物载体，孕婴可用，清新空气，精致美观','新品','牧歌传奇车载香座',59,'http://127.0.0.1:3000/img/product-list/cxjk/16.png'),
(NULL,3,'重力联动，单手操作，多设备兼容，不挡视线','新品','重力感应车载手机支架',45,'http://127.0.0.1:3000/img/product-list/cxjk/17.png'),
(NULL,3,'舒适手感，携带轻便，健康环保，防水防潮，尺寸：200cm*200cm','','防潮野餐垫',79,'http://127.0.0.1:3000/img/product-list/cxjk/18.jpg'),
(NULL,3,'十项数据 精准交流测脂 ','新品','云麦好轻mini2智能体脂秤',89,'http://127.0.0.1:3000/img/product-list/cxjk/19.png'),
(NULL,3,'超轻薄，石墨烯秒热技术','','石墨烯发热腰带',129,'http://127.0.0.1:3000/img/product-list/cxjk/20.png'),
(NULL,3,'秒热技术 一毯多用','','石墨烯多功能发热毯',279,'http://127.0.0.1:3000/img/product-list/cxjk/21.png'),
(NULL,3,'新型对折收纳，脚感控制速度','','WalkingPad走步机',1999,'http://127.0.0.1:3000/img/product-list/cxjk/22.png'),
(NULL,3,'医疗级检测，远离健康风险','','HiPee智能健康精灵套装',599,'http://127.0.0.1:3000/img/product-list/cxjk/23.png'),
(NULL,3,'仿真揉捏，气压按摩，热敷理疗','新品','乐范脚部揉捏按摩器',389,'http://127.0.0.1:3000/img/product-list/cxjk/24.png'),
(NULL,3,'舒适3D按摩，温暖热风烘干','','智能足浴机器人',1599,'http://127.0.0.1:3000/img/product-list/cxjk/25.png'),
(NULL,3,'真实还原赛艇体验，锻炼全身肌肉','','小莫智能划船机 ',2999,'http://127.0.0.1:3000/img/product-list/cxjk/26.png'),
(NULL,3,'渗透膝盖深处，激活膝动力','','石墨烯护膝',169,'http://127.0.0.1:3000/img/product-list/cxjk/27.png'),
(NULL,3,'教练在线指导，智能触摸静音骑行','新品',' 野小兽智能触屏动感单车',1999,'http://127.0.0.1:3000/img/product-list/cxjk/28.png'),
(NULL,3,'随身按摩，手法多样，一指操控，小巧便携','','随身魔力按摩贴',99,'http://127.0.0.1:3000/img/product-list/cxjk/29.jpg'),
(NULL,3,'按摩解压，放松入眠，专利锁扣，收纳自如','','乐范按摩助眠颈枕',99,'http://127.0.0.1:3000/img/product-list/cxjk/30.jpg'),
(NULL,3,'电子墨水屏、高精度传感器、灵活摆放','','秒秒测温湿度计',59,'http://127.0.0.1:3000/img/product-list/cxjk/31.png'),
(NULL,3,'冷热双感敷眼，自动感应按摩','新品','眼部冷热按摩仪',349,'http://127.0.0.1:3000/img/product-list/cxjk/32.png'),
(NULL,3,'3D按摩，无线便携，强劲扭力','新品','乐范揉捏按摩靠枕',359,'http://127.0.0.1:3000/img/product-list/cxjk/33.png'),
(NULL,3,'暖腹宝，痛经不再是多喝热水','','PMA石墨烯发热真丝暖宫宝',169,'http://127.0.0.1:3000/img/product-list/cxjk/34.png'),
(NULL,3,'古盐配方,快速升温,直抵深层','','PMA石墨烯发热盐艾灸腰带',189,'http://127.0.0.1:3000/img/product-list/cxjk/35.png'),
(NULL,3,'享受真正的指压按摩','','MINI颈部按摩器',269,'http://127.0.0.1:3000/img/product-list/cxjk/36.png'),
(NULL,3,'全身LED灯组，12KM续航','新品','智能电动滑板',1499,'http://127.0.0.1:3000/img/product-list/cxjk/37.png'),
(NULL,3,'新一代微网技术，在家轻松做雾化','','微网雾化器',199,'http://127.0.0.1:3000/img/product-list/cxjk/38.png'),
(NULL,3,'一款能按摩小腿的足浴器','','智能足浴机器人',1999,'http://127.0.0.1:3000/img/product-list/cxjk/39.png'),
(NULL,3,'一抹柔软触感，温暖从脚而生','','石墨烯发热暖脚宝',109,'http://127.0.0.1:3000/img/product-list/cxjk/40.png'),
(NULL,3,'暖腹宝，痛经不再是多喝热水','','PMA石墨烯发热真丝暖宫宝',169,'http://127.0.0.1:3000/img/product-list/cxjk/34.png'),
(NULL,3,'古盐配方,快速升温,直抵深层','','PMA石墨烯发热盐艾灸腰带',189,'http://127.0.0.1:3000/img/product-list/cxjk/35.png'),
(NULL,3,'享受真正的指压按摩','','MINI颈部按摩器',269,'http://127.0.0.1:3000/img/product-list/cxjk/36.png'),
(NULL,3,'全身LED灯组，12KM续航','新品','智能电动滑板',1499,'http://127.0.0.1:3000/img/product-list/cxjk/37.png'),
(NULL,3,'新一代微网技术，在家轻松做雾化','','微网雾化器',199,'http://127.0.0.1:3000/img/product-list/cxjk/38.png'),
(NULL,3,'一款能按摩小腿的足浴器','','智能足浴机器人',1999,'http://127.0.0.1:3000/img/product-list/cxjk/39.png'),
(NULL,3,'一抹柔软触感，温暖从脚而生','','石墨烯发热暖脚宝',109,'http://127.0.0.1:3000/img/product-list/cxjk/40.png'),
(NULL,3,'暖腹宝，痛经不再是多喝热水','','PMA石墨烯发热真丝暖宫宝',169,'http://127.0.0.1:3000/img/product-list/cxjk/34.png'),
(NULL,3,'古盐配方,快速升温,直抵深层','','PMA石墨烯发热盐艾灸腰带',189,'http://127.0.0.1:3000/img/product-list/cxjk/35.png'),
(NULL,3,'享受真正的指压按摩','','MINI颈部按摩器',269,'http://127.0.0.1:3000/img/product-list/cxjk/36.png'),
(NULL,3,'全身LED灯组，12KM续航','新品','智能电动滑板',1499,'http://127.0.0.1:3000/img/product-list/cxjk/37.png'),
(NULL,3,'新一代微网技术，在家轻松做雾化','','微网雾化器',199,'http://127.0.0.1:3000/img/product-list/cxjk/38.png'),
(NULL,3,'一款能按摩小腿的足浴器','','智能足浴机器人',1999,'http://127.0.0.1:3000/img/product-list/cxjk/39.png'),
(NULL,3,'一抹柔软触感，温暖从脚而生','','石墨烯发热暖脚宝',109,'http://127.0.0.1:3000/img/product-list/cxjk/40.png'),


(NULL,4,'8秒快速出汁，三重联锁设计','','便携式果蔬料理机',199,'http://127.0.0.1:3000/img/product-list/ccys/1.png'),
(NULL,4,'烟灶相互联动，自动排风','','云米智能烟灶套装',2699,'http://127.0.0.1:3000/img/product-list/ccys/2.png'),
(NULL,4,'99挡微调控火，支持低温烹饪','新品','米家电磁炉 白色',289,'http://127.0.0.1:3000/img/product-list/ccys/3.jpg'),
(NULL,4,'高温除菌，热风烘干','','云米洗碗机',2199,'http://127.0.0.1:3000/img/product-list/ccys/4.png'),
(NULL,4,'德国高端不粘层，德国三层涂敷技术','','悦味30cm不粘炒锅',179,'http://127.0.0.1:3000/img/product-list/ccys/5.png'),
(NULL,4,'快速沸腾，水温智能控制','新品','米家恒温电水壶',179,'http://127.0.0.1:3000/img/product-list/ccys/6.png'),
(NULL,4,'IH电磁加热，不粘锅粉体涂层','新品','米家IH电饭煲 3L',379,'http://127.0.0.1:3000/img/product-list/ccys/7.png'),
(NULL,4,'6刀粉碎更细腻，安全按压启动','','搅拌料理机',199,'http://127.0.0.1:3000/img/product-list/ccys/8.png'),
(NULL,4,'18升黄金容量，立体均匀速热','','复古平板微波炉',499,'http://127.0.0.1:3000/img/product-list/ccys/9.png'),
(NULL,4,'一抹柔即热即饮，6段水温软触感','新品','心想即热饮水机',389,'http://127.0.0.1:3000/img/product-list/ccys/10.png'),
(NULL,4,'全温段调节，APP智控','新品','云米即热饮水吧 4L版',549,'http://127.0.0.1:3000/img/product-list/ccys/11.png'),
(NULL,4,'蒸烤一体，304不锈钢内胆','','蒸烤一体机 台面式',1899,'http://127.0.0.1:3000/img/product-list/ccys/12.png'),
(NULL,4,'快速导热，不挑炉灶','','悦味铁炒锅',199,'http://127.0.0.1:3000/img/product-list/ccys/13.png'),
(NULL,4,'云米烟机，灶具，嵌入式消毒柜，组合购买更优惠','','云米烟灶消套装',3499,'http://127.0.0.1:3000/img/product-list/ccys/14.png'),
(NULL,4,'便携榨汁，全隐藏刀头，磁吸式充电','新品','17PIN 星果杯',164,'http://127.0.0.1:3000/img/product-list/ccys/15.png'),
(NULL,4,'24小时长效真空保温','新品','不锈钢真空保温杯',79,'http://127.0.0.1:3000/img/product-list/ccys/16.png'),
(NULL,4,'至诚锋锐，比硬更硬','','火候钢刀六件套',349,'http://127.0.0.1:3000/img/product-list/ccys/17.jpg'),
(NULL,4,'4200W大火力，230°宽频火力调节，低电量提醒，APP监控','','云米智能燃气灶',799,'http://127.0.0.1:3000/img/product-list/ccys/18.png'),
(NULL,4,'精准控温，循环热风','','圈厨家用电烤箱',349,'http://127.0.0.1:3000/img/product-list/ccys/19.png'),
(NULL,4,'IH电磁加热，不粘锅粉体涂层','新品','米家IH电饭煲 4L',529,'http://127.0.0.1:3000/img/product-list/ccys/20.png'),
(NULL,4,'压力IH加热，灰铸铁内胆','新品','米家压力IH电饭煲',850,'http://127.0.0.1:3000/img/product-list/ccys/21.png'),
(NULL,4,'快速沸腾，304不锈钢内胆','','米家电水壶',109,'http://127.0.0.1:3000/img/product-list/ccys/22.png'),
(NULL,4,'100L大容量，电磁锁','新品','云米消毒柜 嵌入式',999,'http://127.0.0.1:3000/img/product-list/ccys/23.png'),
(NULL,4,'超高转速，自动保温，智能预约','','云米破壁料理机',899,'http://127.0.0.1:3000/img/product-list/ccys/24.png'),
(NULL,4,'快速导热，不挑炉灶','','悦味铁炒锅',199,'http://127.0.0.1:3000/img/product-list/ccys/13.png'),
(NULL,4,'云米烟机，灶具，嵌入式消毒柜，组合购买更优惠','','云米烟灶消套装',3499,'http://127.0.0.1:3000/img/product-list/ccys/14.png'),
(NULL,4,'便携榨汁，全隐藏刀头，磁吸式充电','新品','17PIN 星果杯',164,'http://127.0.0.1:3000/img/product-list/ccys/15.png'),
(NULL,4,'24小时长效真空保温','新品','不锈钢真空保温杯',79,'http://127.0.0.1:3000/img/product-list/ccys/16.png'),
(NULL,4,'至诚锋锐，比硬更硬','','火候钢刀六件套',349,'http://127.0.0.1:3000/img/product-list/ccys/17.jpg'),
(NULL,4,'4200W大火力，230°宽频火力调节，低电量提醒，APP监控','','云米智能燃气灶',799,'http://127.0.0.1:3000/img/product-list/ccys/18.png'),
(NULL,4,'精准控温，循环热风','','圈厨家用电烤箱',349,'http://127.0.0.1:3000/img/product-list/ccys/19.png'),
(NULL,4,'IH电磁加热，不粘锅粉体涂层','新品','米家IH电饭煲 4L',529,'http://127.0.0.1:3000/img/product-list/ccys/20.png'),
(NULL,4,'压力IH加热，灰铸铁内胆','新品','米家压力IH电饭煲',850,'http://127.0.0.1:3000/img/product-list/ccys/21.png'),
(NULL,4,'快速沸腾，304不锈钢内胆','','米家电水壶',109,'http://127.0.0.1:3000/img/product-list/ccys/22.png'),
(NULL,4,'100L大容量，电磁锁','新品','云米消毒柜 嵌入式',999,'http://127.0.0.1:3000/img/product-list/ccys/23.png'),
(NULL,4,'超高转速，自动保温，智能预约','','云米破壁料理机',899,'http://127.0.0.1:3000/img/product-list/ccys/24.png'),


(NULL,5,'语音遥控家电的人工智能音箱','','小米AI音箱',299,'http://127.0.0.1:3000/img/product-list/znyy/1.png'),
(NULL,5,'无线充电，1100流明亮度','新品','艾洛维分体式智能投影Me2',3999,'http://127.0.0.1:3000/img/product-list/znyy/2.jpg'),
(NULL,5,'高清智能小型家用投影机','新品','极米H2家庭智能投影',4299,'http://127.0.0.1:3000/img/product-list/znyy/3.jpg'),
(NULL,5,'150英寸投影，在家看球 ','','米家激光投影电视',9999,'http://127.0.0.1:3000/img/product-list/znyy/4.png'),
(NULL,5,'能听会说的智能音箱，人机互动','','小米小爱音箱mini',169,'http://127.0.0.1:3000/img/product-list/znyy/5.png'),
(NULL,5,'1080P全高清，哈曼卡顿音响','新品','极米Z6 智能家用投影',2799,'http://127.0.0.1:3000/img/product-list/znyy/6.png'),
(NULL,5,'人工智能语音机顶盒，海量片源','','小米盒子4',299,'http://127.0.0.1:3000/img/product-list/znyy/7.png'),
(NULL,5,'无需更换原有灯具即可享受智能生活','新品','Aqara智能墙壁开关',119,'http://127.0.0.1:3000/img/product-list/znyy/8.png'),
(NULL,5,'一键开关窗帘，定时设置，联动操控','','Aqara窗帘电机（ZigBee开合帘版）',599,'http://127.0.0.1:3000/img/product-list/znyy/9.png'),
(NULL,5,'活体指纹识别，隐藏式设计','新品','鹿客智能指纹锁Classic',1579,'http://127.0.0.1:3000/img/product-list/znyy/10.png'),
(NULL,5,'AR照片，蓝牙打印','','手机照片打印机',599,'http://127.0.0.1:3000/img/product-list/znyy/11.png'),
(NULL,5,'活体指纹解锁，智能联动离家布防','','鹿客智能指纹锁 Q2',2999,'http://127.0.0.1:3000/img/product-list/znyy/12.png'),
(NULL,5,'APP控制，语音控制，智能联动','','Aqara网关',299,'http://127.0.0.1:3000/img/product-list/znyy/13.png'),
(NULL,5,'三网通用，7800mAh大电量可当移动电源','','ZMI随身路由器',249,'http://127.0.0.1:3000/img/product-list/znyy/14.png'),
(NULL,5,'定时开关，电量统计，独立安全门','','Aqara智能墙壁插座',149,'http://127.0.0.1:3000/img/product-list/znyy/15.png'),
(NULL,5,'一键控制灯和电器','','Aqara智能卧室套装',799,'http://127.0.0.1:3000/img/product-list/znyy/16.png'),
(NULL,5,'经典蓝宝石，气质非凡','','TicWatch 智能手表经典蓝宝石',1499,'http://127.0.0.1:3000/img/product-list/znyy/17.png'),
(NULL,5,'App远程控制，智能插座模式','','空调伴侣（升级版）',199,'http://127.0.0.1:3000/img/product-list/znyy/18.png'),
(NULL,5,'15种语言互译，内置小爱同学','','魔芋AI翻译机 首发版',249,'http://127.0.0.1:3000/img/product-list/znyy/19.png'),
(NULL,5,'畅快下载的私人云盘，手机扩容','新品','玩客云',328,'http://127.0.0.1:3000/img/product-list/znyy/20.png'),
(NULL,5,'内置小爱同学，语音红外遥控器','','多亲AI功能电话',369,'http://127.0.0.1:3000/img/product-list/znyy/21.png'),
(NULL,5,'畅玩STEAM VR游戏','','NOLO CV1智能VR交互套装',1299,'http://127.0.0.1:3000/img/product-list/znyy/22.png'),
(NULL,5,'微软翻译引擎，多国语言互译','','魔芋AI翻译机 标准版',299,'http://127.0.0.1:3000/img/product-list/znyy/23.png'),
(NULL,5,'小爱同学，精通15国语言','新品','魔芋AI翻译机 ',379,'http://127.0.0.1:3000/img/product-list/znyy/24.png'),
(NULL,5,'定时开关，电量统计，独立安全门','','Aqara智能墙壁插座',149,'http://127.0.0.1:3000/img/product-list/znyy/15.png'),
(NULL,5,'一键控制灯和电器','','Aqara智能卧室套装',799,'http://127.0.0.1:3000/img/product-list/znyy/16.png'),
(NULL,5,'经典蓝宝石，气质非凡','','TicWatch 智能手表经典蓝宝石',1499,'http://127.0.0.1:3000/img/product-list/znyy/17.png'),
(NULL,5,'App远程控制，智能插座模式','','空调伴侣（升级版）',199,'http://127.0.0.1:3000/img/product-list/znyy/18.png'),
(NULL,5,'15种语言互译，内置小爱同学','','魔芋AI翻译机 首发版',249,'http://127.0.0.1:3000/img/product-list/znyy/19.png'),
(NULL,5,'畅快下载的私人云盘，手机扩容','新品','玩客云',328,'http://127.0.0.1:3000/img/product-list/znyy/20.png'),
(NULL,5,'内置小爱同学，语音红外遥控器','','多亲AI功能电话',369,'http://127.0.0.1:3000/img/product-list/znyy/21.png'),
(NULL,5,'畅玩STEAM VR游戏','','NOLO CV1智能VR交互套装',1299,'http://127.0.0.1:3000/img/product-list/znyy/22.png'),
(NULL,5,'微软翻译引擎，多国语言互译','','魔芋AI翻译机 标准版',299,'http://127.0.0.1:3000/img/product-list/znyy/23.png'),
(NULL,5,'小爱同学，精通15国语言','新品','魔芋AI翻译机 ',379,'http://127.0.0.1:3000/img/product-list/znyy/24.png'),
(NULL,5,'定时开关，电量统计，独立安全门','','Aqara智能墙壁插座',149,'http://127.0.0.1:3000/img/product-list/znyy/15.png'),
(NULL,5,'一键控制灯和电器','','Aqara智能卧室套装',799,'http://127.0.0.1:3000/img/product-list/znyy/16.png'),
(NULL,5,'经典蓝宝石，气质非凡','','TicWatch 智能手表经典蓝宝石',1499,'http://127.0.0.1:3000/img/product-list/znyy/17.png'),
(NULL,5,'App远程控制，智能插座模式','','空调伴侣（升级版）',199,'http://127.0.0.1:3000/img/product-list/znyy/18.png'),
(NULL,5,'15种语言互译，内置小爱同学','','魔芋AI翻译机 首发版',249,'http://127.0.0.1:3000/img/product-list/znyy/19.png'),
(NULL,5,'畅快下载的私人云盘，手机扩容','新品','玩客云',328,'http://127.0.0.1:3000/img/product-list/znyy/20.png'),
(NULL,5,'内置小爱同学，语音红外遥控器','','多亲AI功能电话',369,'http://127.0.0.1:3000/img/product-list/znyy/21.png'),
(NULL,5,'畅玩STEAM VR游戏','','NOLO CV1智能VR交互套装',1299,'http://127.0.0.1:3000/img/product-list/znyy/22.png'),
(NULL,5,'微软翻译引擎，多国语言互译','','魔芋AI翻译机 标准版',299,'http://127.0.0.1:3000/img/product-list/znyy/23.png'),
(NULL,5,'小爱同学，精通15国语言','新品','魔芋AI翻译机 ',379,'http://127.0.0.1:3000/img/product-list/znyy/24.png'),



(NULL,6,'天然乳胶，0胶水环保材质','','8H天然乳胶床垫M1',599,'http://127.0.0.1:3000/img/product-list/jjry/1.png'),
(NULL,6,'17厘米厚度，天然乳胶','','8H天然乳胶床垫M2',1299,'http://127.0.0.1:3000/img/product-list/jjry/2.png'),
(NULL,6,'快速安装，智能控制，两项设计奖','','Yeelight智能LED吸顶灯',379,'http://127.0.0.1:3000/img/product-list/jjry/3.png'),
(NULL,6,'20厘米厚度，独立袋装弹簧支撑','','乳胶弹簧静音床垫M3',1599,'http://127.0.0.1:3000/img/product-list/jjry/4.png'),
(NULL,6,'万元级配置，0螺丝组装','','独立袋装弹簧布艺沙发',1199,'http://127.0.0.1:3000/img/product-list/jjry/5.png'),
(NULL,6,'95%大朵白鹅绒，防钻绒工艺','新品','95%白鹅绒静音冬被',1399,'http://127.0.0.1:3000/img/product-list/jjry/6.png'),
(NULL,6,'1:4:1优质填充，更轻更暖不压身','','3D七孔保暖被',239,'http://127.0.0.1:3000/img/product-list/jjry/7.png'),
(NULL,6,'双面双睡感，大圈径独立袋装弹簧','','8H双面双温感乳胶弹簧床垫M5',1999,'http://127.0.0.1:3000/img/product-list/jjry/8.png'),
(NULL,6,'打造全屋智能灯光方案','新品','全屋超值灯组 ',2599,'http://127.0.0.1:3000/img/product-list/jjry/9.png'),
(NULL,6,'超大发光角度，明暗可调','','智能皎月吸顶灯 480版',499,'http://127.0.0.1:3000/img/product-list/jjry/10.png'),
(NULL,6,'黑胡桃原木，榫卯结构','','铜师傅黑胡桃原木餐桌椅',299,'http://127.0.0.1:3000/img/product-list/jjry/11.png'),
(NULL,6,'连足底都可按摩的全身按摩椅','新品','摩摩哒智能休闲按摩椅',4499,'http://127.0.0.1:3000/img/product-list/jjry/12.png'),
(NULL,6,'分区承托，全面护脊，27cm厚','','8H乳胶多线径独立筒弹簧床垫T3',1999,'http://127.0.0.1:3000/img/product-list/jjry/13.png'),
(NULL,6,'新工艺纯乳胶内芯，抗菌防螨','','8H七分区天然乳胶床垫R1',1099,'http://127.0.0.1:3000/img/product-list/jjry/14.png'),
(NULL,6,'指腹式的按摩感，SPA级的睡眠','','8H天然乳胶舒压按摩枕Z3',239,'http://127.0.0.1:3000/img/product-list/jjry/15.png'),
(NULL,6,'大尺寸吸顶灯,亮度色温可调','','Yeelight皓石LED吸顶灯Pro',1099,'http://127.0.0.1:3000/img/product-list/jjry/16.png'),
(NULL,6,'天然黄麻层护脊，偏硬支撑脊柱','','8H青少年健康护脊床垫',899,'http://127.0.0.1:3000/img/product-list/jjry/17.png'),
(NULL,6,'小爱语音交互，3D揉捏肩颈','新品','一维AI智能按摩椅',4399,'http://127.0.0.1:3000/img/product-list/jjry/18.png'),
(NULL,6,'进口全实木 环保水性漆','','8H Tree简约全实木床',639,'http://127.0.0.1:3000/img/product-list/jjry/19.png'),
(NULL,6,'铜基纤维，抗菌防螨，柔软轻盈','新品','COMO LIVING 铜纤维抗菌防螨保暖被',149,'http://127.0.0.1:3000/img/product-list/jjry/20.png'),
(NULL,6,'还原本色，智能控制，防尘防虫','','Yeelight皓石智能LED吸顶灯Plus',599,'http://127.0.0.1:3000/img/product-list/jjry/21.png'),
(NULL,6,'一键触控，即开即热，12瓦照明','新品','欧普触控风暖浴霸',599,'http://127.0.0.1:3000/img/product-list/jjry/22.png'),
(NULL,6,'大白面盆抽取龙头','','大白面盆抽取龙头',299,'http://127.0.0.1:3000/img/product-list/jjry/23.png'),
(NULL,6,'通风透气，多重收纳，买即送安装','','样子103°人体工学双人床',1799,'http://127.0.0.1:3000/img/product-list/jjry/24.png'),



(NULL,7,'100%原叶真茶，无糖0卡路里','','平仄原味茶饮料  15瓶/箱',59,'http://127.0.0.1:3000/img/product-list/nshc/1.png'),
(NULL,7,'每瓶不少于1g净燕 礼盒装','新品','极燕即食冰糖燕窝75g*6瓶',168,'http://127.0.0.1:3000/img/product-list/nshc/2.png'),
(NULL,7,'深层清洁,细腻洁面,舒缓肌肤','','声波洁面仪',109,'http://127.0.0.1:3000/img/product-list/nshc/3.png'),
(NULL,7,'90%高清洁白鸭绒，保暖透气','','长款羽绒服女款',669,'http://127.0.0.1:3000/img/product-list/nshc/4.png'),
(NULL,7,'美国优质皮胚，一包两用','新品','英伦复古轻奢级马鞍包',399,'http://127.0.0.1:3000/img/product-list/nshc/5.png'),
(NULL,7,'副钻环绕闪耀，奢牌同源','新品','18K金钻石项链、耳钉EMBRACE系列（双色可选）',1899,'http://127.0.0.1:3000/img/product-list/nshc/6.png'),
(NULL,7,'雅致异色，舒适保暖，柔滑软糯','','纯羊绒超柔双面异色围巾（三色）',259,'http://127.0.0.1:3000/img/product-list/nshc/7.png'),
(NULL,7,'细腻羊毛，温暖亲肤，抗起球工艺','','建筑修身半高领羊毛衫（五色）',189,'http://127.0.0.1:3000/img/product-list/nshc/8.png'),
(NULL,7,'弹力柔软，保暖锁温，抑菌除臭','','秋冬咖啡碳保暖抓绒牛仔裤',169,'http://127.0.0.1:3000/img/product-list/nshc/9.png'),
(NULL,7,'澳洲羊皮毛，保暖透汗，防泼水','','羊皮毛一体牛角扣雪地靴',329,'http://127.0.0.1:3000/img/product-list/nshc/10.png'),
(NULL,7,'恒温循环，舒适透气','','男女温暖长袖打底衫',79,'http://127.0.0.1:3000/img/product-list/nshc/11.jpg'),
(NULL,7,'杜邦科技免清洗，国际设计师设计','','杜邦纸面厚款鹅绒服（男女同款）',499,'http://127.0.0.1:3000/img/product-list/nshc/12.png'),
(NULL,7,'【赠皮质表带】进口机芯，  简约设计，时尚百搭','','简约石英腕表',399,'http://127.0.0.1:3000/img/product-list/nshc/13.jpg'),
(NULL,7,'简洁无印设计，原装进口机芯','','轻时尚石英腕表',99,'http://127.0.0.1:3000/img/product-list/nshc/14.jpg'),
(NULL,7,'感恩示爱，王妃之珠，精美排钻','','戴妃金珍珠排钻项链',2299,'http://127.0.0.1:3000/img/product-list/nshc/15.png'),
(NULL,7,'隔离防护,清爽透气,保湿养肤','','清萃隔离防护乳',99,'http://127.0.0.1:3000/img/product-list/nshc/16.png'),
(NULL,7,'定妆控油,妆感轻薄,五色修容','','水肌美定妆蜜粉饼',79,'http://127.0.0.1:3000/img/product-list/nshc/17.png'),
(NULL,7,'轻盈无暇 养肤提亮','','轻盈无瑕气垫BB霜',79,'http://127.0.0.1:3000/img/product-list/nshc/18.jpg'),
(NULL,7,'百搭色彩,粉质细腻,持久显色','','水肌美大地四色眼影',69,'http://127.0.0.1:3000/img/product-list/nshc/19.png'),
(NULL,7,'柔软亲肤,轻松妆容,珠光手柄','新品','风情化妆套刷（8支装）',79,'http://127.0.0.1:3000/img/product-list/nshc/20.png'),
(NULL,7,'卸妆干净,卸后清爽,滋润呵护','','水肌美温润净透卸妆油',99,'http://127.0.0.1:3000/img/product-list/nshc/21.png'),
(NULL,7,'美光之下，镜享梳妆  ','新品','AMIRO高清日光镜',199,'http://127.0.0.1:3000/img/product-list/nshc/22.png'),
(NULL,7,'补水保湿,助渗增效,调控油光','','水肌美玻尿酸原液',139,'http://127.0.0.1:3000/img/product-list/nshc/23.png'),
(NULL,7,'新型对折收纳，脚感控制速度','','WalkingPad走步机',1999,'http://127.0.0.1:3000/img/product-list/nshc/24.png'),



(NULL,8,'RO反渗透直出纯净水，隐藏安装','','小米净水器(厨下式)',1999,'http://127.0.0.1:3000/img/product-list/zyhc/1.png'),
(NULL,8,'互联网变频空调高效制冷|热1.5匹','新品','米家互联网空调',1999,'http://127.0.0.1:3000/img/product-list/zyhc/2.png'),
(NULL,8,'澎湃动力，净化能力更快更强','','米家空气净化器Pro',1499,'http://127.0.0.1:3000/img/product-list/zyhc/3.png'),
(NULL,8,'AI人脸解锁，小屏高性能','新品','红米6A',569,'http://127.0.0.1:3000/img/product-list/zyhc/4.png'),
(NULL,8,'骁龙845处理器，双频GPS','新品','小米8',2499,'http://127.0.0.1:3000/img/product-list/zyhc/5.png'),
(NULL,8,'AI双摄，高颜值大电量','新品','红米6 Pro',869,'http://127.0.0.1:3000/img/product-list/zyhc/6.png'),
(NULL,8,'光的艺术品，荣获iF设计金奖','','米家LED智能台灯',199,'http://127.0.0.1:3000/img/product-list/zyhc/7.png'),
(NULL,8,'天然乳胶，三曲线护颈','','8H护颈乳胶枕Z2',239,'http://127.0.0.1:3000/img/product-list/zyhc/8.png'),
(NULL,8,'感知环境光，主动优化场景照明','','米家飞利浦智睿台灯二代',199,'http://127.0.0.1:3000/img/product-list/zyhc/9.png'),
(NULL,8,'升级红外夜视，AI增强移动侦测','','小米米家小白智能摄像机增强版',399,'http://127.0.0.1:3000/img/product-list/zyhc/10.png'),
(NULL,8,'支持公交地铁刷卡，微信消息提醒','','小米手环3 NFC版',199,'http://127.0.0.1:3000/img/product-list/zyhc/11.png'),
(NULL,8,'卧室首选，轻至4kg','新品','小米电视4A 32英寸',799,'http://127.0.0.1:3000/img/product-list/zyhc/12.png'),
(NULL,8,'4K HDR，钢琴烤漆','新品','小米电视4X 55英寸',2399,'http://127.0.0.1:3000/img/product-list/zyhc/13.png'),
(NULL,8,'FHD全高清，人工智能操作系统','新品','小米电视4C 40英寸',1199,'http://127.0.0.1:3000/img/product-list/zyhc/14.png'),
(NULL,8,'高含量鹅绒，持续保暖，4级防泼','','轻薄无缝一体织鹅绒羽绒服（男款）',299,'http://127.0.0.1:3000/img/product-list/zyhc/15.png'),
(NULL,8,'计步抬腕可见，自动校准时间','','米家石英表',349,'http://127.0.0.1:3000/img/product-list/zyhc/16.png'),
(NULL,8,'24枚wiha精密批头','','米家螺丝刀套装',99,'http://127.0.0.1:3000/img/product-list/zyhc/17.png'),
(NULL,8,'搭配APP游戏式教学 / 独具风格的专业琴声 / 练琴不枯燥 / 个性且精致','','Populele U1 智能尤克里里',499,'http://127.0.0.1:3000/img/product-list/zyhc/18.png'),
(NULL,8,'11 挡可调亮度，3350mAh 锂电池，','','小米随身手电筒',79,'http://127.0.0.1:3000/img/product-list/zyhc/19.png'),
(NULL,8,'压力IH加热，灰铸铁内胆','新品','米家压力IH电饭煲',850,'http://127.0.0.1:3000/img/product-list/zyhc/20.png'),
(NULL,8,'快速沸腾，水温智能控制','新品','米家恒温电水壶',179,'http://127.0.0.1:3000/img/product-list/zyhc/21.png'),
(NULL,8,'9档火力调节，低功率持续加热','新品','米家电磁炉 青春版',189,'http://127.0.0.1:3000/img/product-list/zyhc/22.png'),
(NULL,8,'简约纯白，隐藏式LED显示屏','','小米体脂秤',1999,'http://127.0.0.1:3000/img/product-list/zyhc/23.png'),
(NULL,8,'一键测量，爸妈上手就会用','','米家iHealth血压计',399,'http://127.0.0.1:3000/img/product-list/zyhc/24.png'),
(NULL,8,'超轻超暖分区白鹅绒，超柔静音','','智暖95％白鹅绒被',999,'http://127.0.0.1:3000/img/product-list/zyhc/25.png'),
(NULL,8,'150英寸投影，在家看球 ','','米家激光投影电视',9999,'http://127.0.0.1:3000/img/product-list/zyhc/26.png'),
(NULL,8,'3 秒自动对焦，好用又好看','','米家投影仪',3999,'http://127.0.0.1:3000/img/product-list/zyhc/27.png'),
(NULL,8,'全金属机身，日本安来钢刀头','','米家便携电动剃须刀',179,'http://127.0.0.1:3000/img/product-list/zyhc/28.png'),
(NULL,8,'双环刀网/干湿双剃/IPX7级全身防水  5分钟快充/三刀头360浮动贴面剃须','','米家电动剃须刀',199,'http://127.0.0.1:3000/img/product-list/zyhc/29.png'),
(NULL,8,'磁悬浮声波马达 / 双效双刷头','','贝医生声波电动牙刷',99,'http://127.0.0.1:3000/img/product-list/zyhc/30.png'),
(NULL,8,'项圈式设计，双单元声学架构','','小米蓝牙项圈耳机',299,'http://127.0.0.1:3000/img/product-list/zyhc/31.png'),
(NULL,8,'大容量，双USB输出','','小米移动电源2C 20000mAh',129,'http://127.0.0.1:3000/img/product-list/zyhc/32.png'),
(NULL,8,'轻薄便携，蓝牙连接','','小米便携鼠标',99,'http://127.0.0.1:3000/img/product-list/zyhc/33.png'),
(NULL,8,'1:16仿真还原','','米兔积木 工程吊车',169,'http://127.0.0.1:3000/img/product-list/zyhc/34.png'),
(NULL,8,'智能识别植物 | 全高清摄像机','','米兔儿童电话手表3',599,'http://127.0.0.1:3000/img/product-list/zyhc/35.png'),
(NULL,8,'63件经典零件，百变组合更耐玩  进口榉木环保漆，安全环保材料','','米兔轨道积木',299,'http://127.0.0.1:3000/img/product-list/zyhc/36.png'),
(NULL,8,'全新第八代，双风扇散热系统','新品','15.6"笔记本 i3 4G 128G',3199,'http://127.0.0.1:3000/img/product-list/zyhc/37.png'),
(NULL,8,'四核增强版，指纹解锁','','小米笔记本Air13.3" 四核增强版',4999,'http://127.0.0.1:3000/img/product-list/zyhc/38.png'),
(NULL,8,'全新第八代英特尔处理器','','小米游戏本 第八代 15.6英寸',6699,'http://127.0.0.1:3000/img/product-list/zyhc/39.png'),
(NULL,8,'抗压结构，科学拉杆','','90分旅行箱',299,'http://127.0.0.1:3000/img/product-list/zyhc/40.png'),
(NULL,8,'小身材大容量，精选磨毛面料，挺阔有型，百搭配饰','','小米多功能都市休闲胸包',69,'http://127.0.0.1:3000/img/product-list/zyhc/41.png'),
(NULL,8,'前开盖设计，双密码锁','','轻商务登机箱米家定制',399,'http://127.0.0.1:3000/img/product-list/zyhc/42.png'),
(NULL,8,'全新独立鱼骨锁紧系统','','米家运动鞋2',199,'http://127.0.0.1:3000/img/product-list/zyhc/43.png'),
(NULL,8,'30公里超长续航/双重刹车系统','','小米米家电动滑板车',1999,'http://127.0.0.1:3000/img/product-list/zyhc/44.png'),
(NULL,8,'语音控制/5英寸IPS大屏/停车监控/前后双录','','后视镜行车记录仪',399,'http://127.0.0.1:3000/img/product-list/zyhc/45.png'),
(NULL,8,'22公里超长续航','','九号平衡车',1999,'http://127.0.0.1:3000/img/product-list/zyhc/46.png'),
(NULL,8,'夜拍更出色的行车记录仪','','小米米家行车记录仪1S',349,'http://127.0.0.1:3000/img/product-list/zyhc/47.png'),
(NULL,8,'轻薄机身，位置共享，手机写频，FM收音机','','小米米家对讲机1S',249,'http://127.0.0.1:3000/img/product-list/zyhc/48.png'),
(NULL,8,'镜面渐变色，2400万自拍旗舰','','小米8青春版',1399,'http://127.0.0.1:3000/img/product-list/zyhc/49.png'),
(NULL,8,'滑盖全面屏，曲面彩色陶瓷机身','','小米MIX3',3299,'http://127.0.0.1:3000/img/product-list/zyhc/50.png'),
(NULL,8,'免接触更卫生','','米家自动洗手机套装',79,'http://127.0.0.1:3000/img/product-list/zyhc/51.png'),
(NULL,8,'充电1小时，播放7小时','','小米蓝牙项圈耳机 青春版',169,'http://127.0.0.1:3000/img/product-list/zyhc/52.png'),
(NULL,8,'支持18w快充，双USB智能输出，灯光提示，黄铜壳体','','小米车载充电器快充版（18W）',49,'http://127.0.0.1:3000/img/product-list/zyhc/53.png'),
(NULL,8,'植物基配方 / 温和亲肤 /','','小卫质品泡沫洗手液（三瓶装）',39.9,'http://127.0.0.1:3000/img/product-list/zyhc/54.png'),
(NULL,8,'TWS无线立体声，自动开机配对','','小米蓝牙耳机AirDots青春版',199,'http://127.0.0.1:3000/img/product-list/zyhc/55.png'),
(NULL,8,'单手秒收，登机免托运，坐躺随心','','米兔折叠婴儿推车',699,'http://127.0.0.1:3000/img/product-list/zyhc/56.png'),
(NULL,8,'足金材质挂坠，硬金工艺立体生动','','初心足金手链',399,'http://127.0.0.1:3000/img/product-list/zyhc/57.png'),
(NULL,8,'远程控制，定时开关，用电统计','','青米智能插线板',89,'http://127.0.0.1:3000/img/product-list/zyhc/58.png'),
(NULL,8,'纤维编织线体，适用Type-C','','小米USB-C数据线 编织线版',18.9,'http://127.0.0.1:3000/img/product-list/zyhc/59.png'),
(NULL,8,'高强度纤维线体，结实耐用','','小米Mico数据线编织线 100cm',19.9,'http://127.0.0.1:3000/img/product-list/zyhc/60.png'),
(NULL,8,'小巧便携，一键唤醒','','小米小爱蓝牙音箱随身版',49,'http://127.0.0.1:3000/img/product-list/zyhc/61.png'),
(NULL,8,'铝合金材质，轻巧便携','','ZMI 投影仪支架',149,'http://127.0.0.1:3000/img/product-list/zyhc/62.png'),
(NULL,8,'全面屏人工智能电视，金属纤薄机','','小米电视4 65英寸旗舰版',5999,'http://127.0.0.1:3000/img/product-list/zyhc/63.png'),





(NULL,9,'滑盖全面屏，曲面彩色陶瓷机身','','小米MIX3',3299,'http://127.0.0.1:3000/img/product-list/zsbd/1.png'),
(NULL,9,'AI人脸解锁，小屏高性能','新品','红米6A',569,'http://127.0.0.1:3000/img/product-list/zsbd/2.png'),
(NULL,9,'镜面渐变色，2400万自拍旗舰','','小米8青春版',1399,'http://127.0.0.1:3000/img/product-list/zsbd/3.png'),
(NULL,9,'布艺机身，冬天不冷，品质非常好','','ZMI移动电源10000mAh 高配版',149,'http://127.0.0.1:3000/img/product-list/zsbd/4.png'),
(NULL,9,'2种连接，1键切换，支持多系统','','米物蓝牙双模键盘',249,'http://127.0.0.1:3000/img/product-list/zsbd/5.png'),
(NULL,9,'人体工学设计，加厚海绵坐垫','','傲风电竞椅',999,'http://127.0.0.1:3000/img/product-list/zsbd/6.png'),
(NULL,9,'小朋友的大玩具，老顽童的小赛车','','平衡车卡丁改装套件',2999,'http://127.0.0.1:3000/img/product-list/zsbd/7.png'),
(NULL,9,'大于60KM电助力续航，轻便折叠，14寸轮径，双碟刹安全制动，三色可选','','HIMO电动助力自行车 PLUS',2199,'http://127.0.0.1:3000/img/product-list/zsbd/8.png'),
(NULL,9,'1944P 500万像素，ADAS高级驾辅，智能语音声控，电子狗，停车监控','','70迈智能记录仪Pro',349,'http://127.0.0.1:3000/img/product-list/zsbd/9.png'),
(NULL,9,'多模式骑行，便携折叠','','HIMO电动助力自行车',1799,'http://127.0.0.1:3000/img/product-list/zsbd/10.png'),
(NULL,9,'CREE 1000流明进口灯珠','','极蜂强光变焦手电筒',149,'http://127.0.0.1:3000/img/product-list/zsbd/11.png'),
(NULL,9,'新型对折收纳，脚感控制速度','','WalkingPad走步机',1999,'http://127.0.0.1:3000/img/product-list/zsbd/12.png'),
(NULL,9,'真实还原赛艇体验，锻炼全身肌肉','','小莫智能划船机 Pro',2999,'http://127.0.0.1:3000/img/product-list/zsbd/13.png'),
(NULL,9,'医疗级检测，远离健康风险','','HiPee智能健康精灵套装',599,'http://127.0.0.1:3000/img/product-list/zsbd/14.png'),
(NULL,9,'舒适3D按摩，温暖热风烘干','','智能足浴机器人',1599,'http://127.0.0.1:3000/img/product-list/zsbd/15.png'),
(NULL,9,'五点式赛车级安全带','','QBORN儿童安全座椅',1199,'http://127.0.0.1:3000/img/product-list/zsbd/16.png'),
(NULL,9,'3D亲肤层，超薄劲吸芯体','','小鹿叮叮至爱纸尿裤',99,'http://127.0.0.1:3000/img/product-list/zsbd/17.png'),
(NULL,9,'儿童轻薄生物绒棉服','','儿童轻薄生物绒棉服',159,'http://127.0.0.1:3000/img/product-list/zsbd/18.png'),
(NULL,9,'德国IF设计大奖，骑滑双模式','','柒小佰变形儿童车',399,'http://127.0.0.1:3000/img/product-list/zsbd/19.jpg'),
(NULL,9,'自动封口换袋，感应开盖','拓牛智能垃圾桶','红米6A',299,'http://127.0.0.1:3000/img/product-list/zsbd/20.png'),
(NULL,9,'轻松操作，持久续航','','无线手持电动擦地机',599,'http://127.0.0.1:3000/img/product-list/zsbd/21.png'),
(NULL,9,'无线手持，高频拍打，强劲吸力','','无线手持除螨仪',399,'http://127.0.0.1:3000/img/product-list/zsbd/22.png'),
(NULL,9,'安全定时，智能控温，除潮除螨','','琴岛智能除螨电热毯',149,'http://127.0.0.1:3000/img/product-list/zsbd/23.png'),
(NULL,9,'即拖即干不费力，360°旋转杆','','德尔玛喷水拖把',59,'http://127.0.0.1:3000/img/product-list/zsbd/24.png'),
(NULL,9,'防风防雨，90%鸭绒，透气干爽','新品','三合一旅行夹克（情侣款）',399,'http://127.0.0.1:3000/img/product-list/zsbd/25.png'),
(NULL,9,'插电持续发热，90%白鹅绒','','石墨烯温控发热羽绒马甲',299,'http://127.0.0.1:3000/img/product-list/zsbd/26.png'),
(NULL,9,'80%鹅绒，蓄热功能里布','','户外休闲中长厚款鹅绒羽绒服',599,'http://127.0.0.1:3000/img/product-list/zsbd/27.png'),
(NULL,9,'90%鹅绒，保暖防钻绒','','立体充鹅绒羽绒茄克（男女款）',359,'http://127.0.0.1:3000/img/product-list/zsbd/28.png'),
(NULL,9,'鱼骨锁紧系统，ETPU高弹中底','新品','云弹减震运动鞋（男女款）',209,'http://127.0.0.1:3000/img/product-list/zsbd/29.png'),
(NULL,9,'【产区精选】金奖殊荣，经典混酿','','婉爱·金超级波尔多干红葡萄酒 750ml',119,'http://127.0.0.1:3000/img/product-list/zsbd/30.jpg'),
(NULL,9,'非油炸冻干技术，新鲜口感，  汤汁浓郁','','和厨番茄鸡蛋冻干面',59.9,'http://127.0.0.1:3000/img/product-list/zsbd/31.jpg'),
(NULL,9,'纯生牛乳无添加  澳洲进口荷斯坦奶牛','','常温纯牛奶 两提装',89,'http://127.0.0.1:3000/img/product-list/zsbd/32.png'),
(NULL,9,'茅台镇核心产区，纯正酱香','','茅台镇53°酱香型白酒500ml装',189,'http://127.0.0.1:3000/img/product-list/zsbd/33.png'),
(NULL,9,'烟灶相互联动，自动排风','','云米智能烟灶套装',2699,'http://127.0.0.1:3000/img/product-list/zsbd/34.png'),
(NULL,9,'即热即饮，6段水温','新品','心想即热饮水机',389,'http://127.0.0.1:3000/img/product-list/zsbd/35.png'),
(NULL,9,'全温段调节，APP智控','新品','云米即热饮水吧 4L版',549,'http://127.0.0.1:3000/img/product-list/zsbd/36.png'),
(NULL,9,'高温除菌，热风烘干','','云米洗碗机',2199,'http://127.0.0.1:3000/img/product-list/zsbd/37.png'),
(NULL,9,'无需更换原有灯具即可享受智能生活','新品','Aqara智能墙壁开关',119,'http://127.0.0.1:3000/img/product-list/zsbd/38.png'),
(NULL,9,'边玩边学会，App实时同步','新品','计客超级魔方',145,'http://127.0.0.1:3000/img/product-list/zsbd/39.png'),
(NULL,9,'智能感知，警戒提醒','','米家门窗传感器',49,'http://127.0.0.1:3000/img/product-list/zsbd/40.png'),
(NULL,9,'活体指纹识别，隐藏式设计','','鹿客智能指纹锁Classic',199,'http://127.0.0.1:3000/img/product-list/zsbd/41.png'),
(NULL,9,'语音遥控家电的人工智能音箱','','小米AI音箱',299,'http://127.0.0.1:3000/img/product-list/zsbd/42.png'),
(NULL,9,'能听会说的智能音箱，人机互动','','小米小爱音箱mini',169,'http://127.0.0.1:3000/img/product-list/zsbd/43.png'),
(NULL,9,'高清智能小型家用投影机','新品','极米H2家庭智能投影',4249,'http://127.0.0.1:3000/img/product-list/zsbd/44.png'),
(NULL,9,'A+级光机，亮度不虚标','','峰米WEMAX ONE激光投影电视套装',12999,'http://127.0.0.1:3000/img/product-list/zsbd/45.png'),
(NULL,9,'四核增强版，指纹解锁','新品','小米笔记本Air13.3" 四核增强版',4999,'http://127.0.0.1:3000/img/product-list/zsbd/46.png'),
(NULL,9,'全新第八代英特尔处理器','','小米游戏本 第八代 15.6英寸',6699,'http://127.0.0.1:3000/img/product-list/zsbd/47.png'),
(NULL,9,'4K 超清屏，超窄边框 ','新品','小米电视4A 55英寸',2399,'http://127.0.0.1:3000/img/product-list/zsbd/48.png'),
(NULL,9,'卧室首选，轻至4kg','新品','小米电视4A 32英寸',799,'http://127.0.0.1:3000/img/product-list/zsbd/49.png'),
(NULL,9,'4K HDR，钢琴烤漆','新品','小米电视4X 55英寸',2399,'http://127.0.0.1:3000/img/product-list/zsbd/50.png'),
(NULL,9,'20厘米厚度，独立袋装弹簧支撑','','乳胶弹簧静音床垫M3',1599,'http://127.0.0.1:3000/img/product-list/zsbd/51.png'),
(NULL,9,'进口全实木 环保水性漆','','8H Tree简约全实木床',639,'http://127.0.0.1:3000/img/product-list/zsbd/52.png'),
(NULL,9,'连足底都可按摩的全身按摩椅','新品','摩摩哒智能休闲按摩椅',4499,'http://127.0.0.1:3000/img/product-list/zsbd/53.png'),
(NULL,9,'黑胡桃原木，榫卯结构','','铜师傅黑胡桃原木餐桌椅',299,'http://127.0.0.1:3000/img/product-list/zsbd/54.png'),
(NULL,9,'大风量速干/德国IF设计大奖/','','负离子速干电吹风',199,'http://127.0.0.1:3000/img/product-list/zsbd/55.jpg'),
(NULL,9,'强力冲走牙间残渣，牙套清洁搭档','','素士无线便携冲牙器 ',199,'http://127.0.0.1:3000/img/product-list/zsbd/56.png');




/* 产品购物页面信息 */
CREATE TABLE xm_product_detail(
  did INT PRIMARY KEY AUTO_INCREMENT,
  dpid INT,
  d_title VARCHAR(255),
  d_active VARCHAR(30),     #活动
  d_price INT,
  original_price INT,       #原价
  d_color VARCHAR(100),      #颜色
  d_edition VARCHAR(100),    #版本
  stock BOOLEAN            #库存
);

INSERT INTO xm_product_detail VALUES
(NULL,1,'双频GPS / 骁龙845处理器 / 红外人脸解锁 / AI变焦双摄 / 三星 AMOLED 屏 / AI语音助手 / 多功能NFC','新品 200元',2499,2699,"黑色,白色,蓝色,金色",'4G+64GB',1),
(NULL,1,'双频GPS / 骁龙845处理器 / 红外人脸解锁 / AI变焦双摄 / 三星 AMOLED 屏 / AI语音助手 / 多功能NFC','新品 200元',2799,2999,"黑色,白色,蓝色,金色",'4G+128GB',1),
(NULL,1,'双频GPS / 骁龙845处理器 / 红外人脸解锁 / AI变焦双摄 / 三星 AMOLED 屏 / AI语音助手 / 多功能NFC','新品 200元',3099,2299,"黑色,白色,蓝色,金色",'6G+256GB',1),
(NULL,1,'双频GPS / 骁龙845处理器 / 红外人脸解锁 / AI变焦双摄 / 三星 AMOLED 屏 / AI语音助手 / 多功能NFC','新品 200元',3099,2299,"黑色,白色,蓝色,金色",'6G+128GB',1),
(NULL,2,'12nm高性能处理器 / 5.45" 小巧全面屏 / 1300万高清相机 / “小杨柳腰”机身','新品 30元',569,599,"铂银灰,流沙金,巴厘蓝,樱花粉",'2G+16GB',1),
(NULL,2,'12nm高性能处理器 / 5.45" 小巧全面屏 / 1300万高清相机 / “小杨柳腰”机身','新品 30元',669,699,"铂银灰,流沙金,巴厘蓝,樱花粉",'3G+32GB',1);


/* 产品购物页面图片 */
CREATE TABLE xm_detail_pics(
  poid INT PRIMARY KEY AUTO_INCREMENT,
  dpid INT,
  sming_url VARCHAR(1000),         #小图
  lgimg_url VARCHAR(1000),         #轮播图
  detailimg_url VARCHAR(2000),      #详情
  paramimg_url VARCHAR(2000)
);
INSERT INTO xm_detail_pics VALUES
(NULL,1,"http://127.0.0.1:3000/img/details/smimg/1.jpg,http://127.0.0.1:3000/img/details/smimg/2.jpg,http://127.0.0.1:3000/img/details/smimg/3.jpg,http://127.0.0.1:3000/img/details/smimg/4.jpg,http://127.0.0.1:3000/img/details/smimg/5.jpg","http://127.0.0.1:3000/img/details/lgimg/1.jpg,http://127.0.0.1:3000/img/details/lgimg/2.jpg,http://127.0.0.1:3000/img/details/lgimg/3.jpg,http://127.0.0.1:3000/img/details/lgimg/4.jpg,http://127.0.0.1:3000/img/details/lgimg/5.jpg","http://127.0.0.1:3000/img/details/detailimg/1.jpg,http://127.0.0.1:3000/img/details/detailimg/2.jpg,http://127.0.0.1:3000/img/details/detailimg/3.jpg,http://127.0.0.1:3000/img/details/detailimg/4.jpg,http://127.0.0.1:3000/img/details/detailimg/5.jpg,http://127.0.0.1:3000/img/details/detailimg/6.jpg,http://127.0.0.1:3000/img/details/detailimg/7.png,http://127.0.0.1:3000/img/details/detailimg/8.jpg,http://127.0.0.1:3000/img/details/detailimg/9.jpg,http://127.0.0.1:3000/img/details/detailimg/10.jpg,http://127.0.0.1:3000/img/details/detailimg/11.jpg,http://127.0.0.1:3000/img/details/detailimg/12.jpg,http://127.0.0.1:3000/img/details/detailimg/13.jpg,http://127.0.0.1:3000/img/details/detailimg/14.jpg,http://127.0.0.1:3000/img/details/detailimg/15.jpg,http://127.0.0.1:3000/img/details/detailimg/16.jpg,http://127.0.0.1:3000/img/details/detailimg/17.jpg,http://127.0.0.1:3000/img/details/detailimg/18.jpg,http://127.0.0.1:3000/img/details/detailimg/19.jpg,http://127.0.0.1:3000/img/details/detailimg/20.jpg,http://127.0.0.1:3000/img/details/detailimg/21.jpg,http://127.0.0.1:3000/img/details/detailimg/22.jpg,http://127.0.0.1:3000/img/details/detailimg/23.jpg","http://127.0.0.1:3000/img/details/paramimg/1.jpg,http://127.0.0.1:3000/img/details/paramimg/2.jpg,http://127.0.0.1:3000/img/details/paramimg/3.jpg,http://127.0.0.1:3000/img/details/paramimg/4.jpg,http://127.0.0.1:3000/img/details/paramimg/5.jpg,http://127.0.0.1:3000/img/details/paramimg/6.jpg,http://127.0.0.1:3000/img/details/paramimg/7.jpg,http://127.0.0.1:3000/img/details/paramimg/8.jpg,http://127.0.0.1:3000/img/details/paramimg/9.jpg,http://127.0.0.1:3000/img/details/paramimg/10.jpeg,http://127.0.0.1:3000/img/details/paramimg/11.jpg,http://127.0.0.1:3000/img/details/paramimg/12.jpg,http://127.0.0.1:3000/img/details/paramimg/13.jpg,http://127.0.0.1:3000/img/details/paramimg/14.jpg"),
(NULL,2,"http://127.0.0.1:3000/img/details/smimg/6.jpg,http://127.0.0.1:3000/img/details/smimg/7.jpg,http://127.0.0.1:3000/img/details/smimg/8.jpg,http://127.0.0.1:3000/img/details/smimg/9.jpg,http://127.0.0.1:3000/img/details/smimg/10.jpg,http://127.0.0.1:3000/img/details/smimg/11.jpg","http://127.0.0.1:3000/img/details/lgimg/6.jpg,http://127.0.0.1:3000/img/details/lgimg/7.jpg,http://127.0.0.1:3000/img/details/lgimg/8.jpg,http://127.0.0.1:3000/img/details/lgimg/9.jpg,http://127.0.0.1:3000/img/details/lgimg/10.jpg,http://127.0.0.1:3000/img/details/lgimg/11.jpg","http://127.0.0.1:3000/img/details/detailimg/24.jpg,http://127.0.0.1:3000/img/details/detailimg/25.jpg,http://127.0.0.1:3000/img/details/detailimg/26.jpg,http://127.0.0.1:3000/img/details/detailimg/27.jpg,http://127.0.0.1:3000/img/details/detailimg/28.jpg,http://127.0.0.1:3000/img/details/detailimg/29.jpg,http://127.0.0.1:3000/img/details/detailimg/30.jpg,http://127.0.0.1:3000/img/details/detailimg/31.jpg,http://127.0.0.1:3000/img/details/detailimg/32.jpg,http://127.0.0.1:3000/img/details/detailimg/33.jpg,http://127.0.0.1:3000/img/details/detailimg/34.jpg,http://127.0.0.1:3000/img/details/detailimg/35.jpg,http://127.0.0.1:3000/img/details/detailimg/36.jpg,http://127.0.0.1:3000/img/details/detailimg/37.jpg,http://127.0.0.1:3000/img/details/detailimg/38.jpg,http://127.0.0.1:3000/img/details/detailimg/39.jpg,http://127.0.0.1:3000/img/details/detailimg/40.jpg,http://127.0.0.1:3000/img/details/detailimg/41.jpg,http://127.0.0.1:3000/img/details/detailimg/42.jpg,http://127.0.0.1:3000/img/details/detailimg/43.jpg,http://127.0.0.1:3000/img/details/detailimg/44.jpg,http://127.0.0.1:3000/img/details/detailimg/45.jpg,http://127.0.0.1:3000/img/details/detailimg/46.jpg,http://127.0.0.1:3000/img/details/detailimg/47.jpg,http://127.0.0.1:3000/img/details/detailimg/48.jpg,http://127.0.0.1:3000/img/details/detailimg/49.jpg,http://127.0.0.1:3000/img/details/detailimg/50.jpg,http://127.0.0.1:3000/img/details/detailimg/51.jpg,http://127.0.0.1:3000/img/details/detailimg/52.jpg,http://127.0.0.1:3000/img/details/detailimg/53.jpg,http://127.0.0.1:3000/img/details/detailimg/54.jpg,http://127.0.0.1:3000/img/details/detailimg/55.jpg,http://127.0.0.1:3000/img/details/detailimg/56.jpg","http://127.0.0.1:3000/img/details/paramimg/15.jpg,http://127.0.0.1:3000/img/details/paramimg/16.jpg,http://127.0.0.1:3000/img/details/paramimg/17.jpg,http://127.0.0.1:3000/img/details/paramimg/18.jpg,http://127.0.0.1:3000/img/details/paramimg/19.jpg,http://127.0.0.1:3000/img/details/paramimg/20.jpg,http://127.0.0.1:3000/img/details/paramimg/21.jpg,http://127.0.0.1:3000/img/details/paramimg/22.jpg,http://127.0.0.1:3000/img/details/paramimg/23.jpg,http://127.0.0.1:3000/img/details/paramimg/24.jpg,http://127.0.0.1:3000/img/details/paramimg/25.jpg,http://127.0.0.1:3000/img/details/paramimg/26.jpg,http://127.0.0.1:3000/img/details/paramimg/27.jpg,http://127.0.0.1:3000/img/details/paramimg/28.jpg");


/*用户信息*/
CREATE TABLE xm_user(
  uid INT PRIMARY KEY AUTO_INCREMENT,  #用户id
  uname VARCHAR(20),                   #用户名
  upwd VARCHAR(20),                    #用户密码
  u_pic VARCHAR(500)                   #用户头像
);
INSERT INTO xm_user VALUES
(NULL,'小虎牙','zr7478329','http://127.0.0.1:3000/img/class/class1/1.png');


/*用户购物车信息*/
CREATE TABLE xm_user_cart(
  cid INT PRIMARY KEY AUTO_INCREMENT,
  user_id INT,
  product_id INT,
  count INT,
  p_color VARCHAR(20),
  p_address VARCHAR(30),
  is_checked BOOLEAN
);
INSERT INTO xm_user_cart VALUES
(NULL,1,1,1,'黑色','西安市 未央区',1);




/* 小米pc主页轮播数据  */
CREATE TABLE xm_pcIndex_banner(
    banenrId INT PRIMARY KEY AUTO_INCREMENT,
    img_url VARCHAR(1000)
);
INSERT INTO xm_pcIndex_banner VALUES
(NULL,'http://127.0.0.1:3000/img/pc_index_banner/1.jpg'),
(NULL,'http://127.0.0.1:3000/img/pc_index_banner/2.jpg'),
(NULL,'http://127.0.0.1:3000/img/pc_index_banner/3.jpg'),
(NULL,'http://127.0.0.1:3000/img/pc_index_banner/4.jpg'),
(NULL,'http://127.0.0.1:3000/img/pc_index_banner/5.jpg');

/* 小米pc主页菜单栏数据 */
CREATE TABLE xm_pcIndex_menu(
    pid INT PRIMARY KEY AUTO_INCREMENT,
    menuId INT,
    p_img_url VARCHAR(255),
    p_name VARCHAR(50)
);
INSERT INTO xm_pcIndex_menu VALUES
(NULL,1,'http://127.0.0.1:3000/img/pc_index_menu/menu1/1.png','小米MIX 3'),
(NULL,1,'http://127.0.0.1:3000/img/pc_index_menu/menu1/2.png','小米8 青春版'),
(NULL,1,'http://127.0.0.1:3000/img/pc_index_menu/menu1/4.png','小米8 屏幕指纹版'),
(NULL,1,'http://127.0.0.1:3000/img/pc_index_menu/menu1/3.png','小米8'),
(NULL,1,'http://127.0.0.1:3000/img/pc_index_menu/menu1/5.png','小米8 SE'),
(NULL,1,'http://127.0.0.1:3000/img/pc_index_menu/menu1/6.png','小米MIX 2S'),
(NULL,1,'http://127.0.0.1:3000/img/pc_index_menu/menu1/7.png','小米Max 3'),
(NULL,1,'http://127.0.0.1:3000/img/pc_index_menu/menu1/8.jpg','小米6X'),
(NULL,1,'http://127.0.0.1:3000/img/pc_index_menu/menu1/9.png','黑鲨游戏手机 Helo'),
(NULL,1,'http://127.0.0.1:3000/img/pc_index_menu/menu1/10.png','黑鲨游戏手机'),
(NULL,1,'http://127.0.0.1:3000/img/pc_index_menu/menu1/11.png','红米6 Pro'),
(NULL,1,'http://127.0.0.1:3000/img/pc_index_menu/menu1/12.png','红米6'),
(NULL,1,'http://127.0.0.1:3000/img/pc_index_menu/menu1/13.png','红米6A'),
(NULL,1,'http://127.0.0.1:3000/img/pc_index_menu/menu1/14.png','红米Note 5'),
(NULL,1,'http://127.0.0.1:3000/img/pc_index_menu/menu1/15.jpg','移动4G+专区'),
(NULL,1,'http://127.0.0.1:3000/img/pc_index_menu/menu1/16.jpg','对比手机'),
(NULL,1,'http://127.0.0.1:3000/img/pc_index_menu/menu1/17.jpg','米粉卡 日租卡'),
(NULL,1,'http://127.0.0.1:3000/img/pc_index_menu/menu1/18.jpg','小米移动 电话卡'),
(NULL,1,'http://127.0.0.1:3000/img/pc_index_menu/menu1/19.png','手机上门维修'),
(NULL,1,'http://127.0.0.1:3000/img/pc_index_menu/menu1/20.jpg','云服务空间月卡'),

(NULL,2,'http://127.0.0.1:3000/img/pc_index_menu/menu2/1.png','米家激光投影电视'),
(NULL,2,'http://127.0.0.1:3000/img/pc_index_menu/menu2/2.png','小米电视4A 32英寸'),
(NULL,2,'http://127.0.0.1:3000/img/pc_index_menu/menu2/3.png','小米电视4A 43英寸青春版'),
(NULL,2,'http://127.0.0.1:3000/img/pc_index_menu/menu2/4.png','小米电视4A 50英寸'),
(NULL,2,'http://127.0.0.1:3000/img/pc_index_menu/menu2/5.png','小米电视4A 55英寸'),
(NULL,2,'http://127.0.0.1:3000/img/pc_index_menu/menu2/6.png','小米电视4A 58英寸'),
(NULL,2,'http://127.0.0.1:3000/img/pc_index_menu/menu2/7.png','小米电视4A 65英寸'),
(NULL,2,'http://127.0.0.1:3000/img/pc_index_menu/menu2/8.png','小米电视4C 32英寸'),
(NULL,2,'http://127.0.0.1:3000/img/pc_index_menu/menu2/9.jpg','小米电视4C 40英寸'),
(NULL,2,'http://127.0.0.1:3000/img/pc_index_menu/menu2/10.png','小米电视4C 43英寸'),
(NULL,2,'http://127.0.0.1:3000/img/pc_index_menu/menu2/11.png','小米电视4C 50英寸'),
(NULL,2,'http://127.0.0.1:3000/img/pc_index_menu/menu2/12.png','小米电视4X 43英寸'),
(NULL,2,'http://127.0.0.1:3000/img/pc_index_menu/menu2/13.png','小米电视4X 55英寸'),
(NULL,2,'http://127.0.0.1:3000/img/pc_index_menu/menu2/14.png','小米电视 体育版'),
(NULL,2,'http://127.0.0.1:3000/img/pc_index_menu/menu2/15.png','小米电视4 55英寸'),
(NULL,2,'http://127.0.0.1:3000/img/pc_index_menu/menu2/16.jpg','小米电视4 65英寸旗舰版'),
(NULL,2,'http://127.0.0.1:3000/img/pc_index_menu/menu2/17.png','小米电视4S 32英寸'),
(NULL,2,'http://127.0.0.1:3000/img/pc_index_menu/menu2/18.png','小米电视4S 50英寸'),
(NULL,2,'http://127.0.0.1:3000/img/pc_index_menu/menu2/19.jpg','小米电视4S 55英寸'),
(NULL,2,'http://127.0.0.1:3000/img/pc_index_menu/menu2/20.png','小米电视4S 55英寸曲面'),
(NULL,2,'http://127.0.0.1:3000/img/pc_index_menu/menu2/21.png','小米电视4S 65英寸'),
(NULL,2,'http://127.0.0.1:3000/img/pc_index_menu/menu2/22.png','小米电视4S 65英寸PRO'),
(NULL,2,'http://127.0.0.1:3000/img/pc_index_menu/menu2/23.jpg','小米电视4S 75英寸'),
(NULL,2,'http://127.0.0.1:3000/img/pc_index_menu/menu2/24.jpg','小米盒子'),

(NULL,3,'http://127.0.0.1:3000/img/pc_index_menu/menu3/1.jpg','小米笔记本 15.6"'),
(NULL,3,'http://127.0.0.1:3000/img/pc_index_menu/menu3/2.png','小米笔记本 13.3"'),
(NULL,3,'http://127.0.0.1:3000/img/pc_index_menu/menu3/3.jpg','小米笔记本 12.5"'),
(NULL,3,'http://127.0.0.1:3000/img/pc_index_menu/menu3/4.jpg','小米游戏本'),
(NULL,3,'http://127.0.0.1:3000/img/pc_index_menu/menu3/5.jpg','小米平板4'),
(NULL,3,'http://127.0.0.1:3000/img/pc_index_menu/menu3/6.jpg','键盘'),
(NULL,3,'http://127.0.0.1:3000/img/pc_index_menu/menu3/7.png','鼠标／鼠标垫'),
(NULL,3,'http://127.0.0.1:3000/img/pc_index_menu/menu3/8.jpg','转接器'),
(NULL,3,'http://127.0.0.1:3000/img/pc_index_menu/menu3/9.jpg','平板配件'),
(NULL,3,'http://127.0.0.1:3000/img/pc_index_menu/menu3/10.jpg','笔记本双肩包'),
(NULL,3,'http://127.0.0.1:3000/img/pc_index_menu/menu3/11.jpg','小米笔记本内胆包'),

(NULL,4,'http://127.0.0.1:3000/img/pc_index_menu/menu4/1.jpg','米家互联网空调一级能效'),
(NULL,4,'http://127.0.0.1:3000/img/pc_index_menu/menu4/2.png','米家互联网空调'),
(NULL,4,'http://127.0.0.1:3000/img/pc_index_menu/menu4/3.jpg','净水器'),
(NULL,4,'http://127.0.0.1:3000/img/pc_index_menu/menu4/4.png','净水器滤芯'),
(NULL,4,'http://127.0.0.1:3000/img/pc_index_menu/menu4/5.jpg','扫地机器人'),
(NULL,4,'http://127.0.0.1:3000/img/pc_index_menu/menu4/6.jpg','扫地机配件'),
(NULL,4,'http://127.0.0.1:3000/img/pc_index_menu/menu4/7.jpg','空气净化器'),
(NULL,4,'http://127.0.0.1:3000/img/pc_index_menu/menu4/8.jpg','电饭煲'),
(NULL,4,'http://127.0.0.1:3000/img/pc_index_menu/menu4/9.jpg','电磁炉'),
(NULL,4,'http://127.0.0.1:3000/img/pc_index_menu/menu4/10.jpg','厨房用具'),
(NULL,4,'http://127.0.0.1:3000/img/pc_index_menu/menu4/11.jpg','电水壶'),
(NULL,4,'http://127.0.0.1:3000/img/pc_index_menu/menu4/12.jpg','滤水壶'),
(NULL,4,'http://127.0.0.1:3000/img/pc_index_menu/menu4/13.png','落地风扇'),
(NULL,4,'http://127.0.0.1:3000/img/pc_index_menu/menu4/14.jpg','投影仪'),
(NULL,4,'http://127.0.0.1:3000/img/pc_index_menu/menu4/15.jpg','灯具'),
(NULL,4,'http://127.0.0.1:3000/img/pc_index_menu/menu4/16.jpg','插线板'),
(NULL,4,'http://127.0.0.1:3000/img/pc_index_menu/menu4/17.jpg','新风机'),


(NULL,5,'http://127.0.0.1:3000/img/pc_index_menu/menu5/1.jpg','手环手表'),
(NULL,5,'http://127.0.0.1:3000/img/pc_index_menu/menu5/2.jpg','VR'),
(NULL,5,'http://127.0.0.1:3000/img/pc_index_menu/menu5/3.jpg','平衡车'),
(NULL,5,'http://127.0.0.1:3000/img/pc_index_menu/menu5/4.jpg','滑板车'),
(NULL,5,'http://127.0.0.1:3000/img/pc_index_menu/menu5/5.jpg','自行车'),
(NULL,5,'http://127.0.0.1:3000/img/pc_index_menu/menu5/6.jpg','车载逆变器'),
(NULL,5,'http://127.0.0.1:3000/img/pc_index_menu/menu5/7.jpg','平衡车配件'),
(NULL,5,'http://127.0.0.1:3000/img/pc_index_menu/menu5/8.jpg','智能后视镜'),
(NULL,5,'http://127.0.0.1:3000/img/pc_index_menu/menu5/9.jpg','车载空气净化器'),


(NULL,6,'http://127.0.0.1:3000/img/pc_index_menu/menu6/1.jpg','路由器'),
(NULL,6,'http://127.0.0.1:3000/img/pc_index_menu/menu6/2.jpg','对讲机'),
(NULL,6,'http://127.0.0.1:3000/img/pc_index_menu/menu6/3.jpg','智能家庭'),
(NULL,6,'http://127.0.0.1:3000/img/pc_index_menu/menu6/4.jpg','无人机'),
(NULL,6,'http://127.0.0.1:3000/img/pc_index_menu/menu6/5.jpg','摄像机'),
(NULL,6,'http://127.0.0.1:3000/img/pc_index_menu/menu6/6.jpg','照相机'),
(NULL,6,'http://127.0.0.1:3000/img/pc_index_menu/menu6/7.jpg','智能门锁'),
(NULL,6,'http://127.0.0.1:3000/img/pc_index_menu/menu6/8.jpg','照片打印机'),


(NULL,7,'http://127.0.0.1:3000/img/pc_index_menu/menu7/1.jpg','移动电源'),
(NULL,7,'http://127.0.0.1:3000/img/pc_index_menu/menu7/2.jpg','数据线'),
(NULL,7,'http://127.0.0.1:3000/img/pc_index_menu/menu7/3.jpg','车充'),
(NULL,7,'http://127.0.0.1:3000/img/pc_index_menu/menu7/4.jpg','充电器'),
(NULL,7,'http://127.0.0.1:3000/img/pc_index_menu/menu7/5.jpg','无线充'),
(NULL,7,'http://127.0.0.1:3000/img/pc_index_menu/menu7/6.jpg','电池'),
(NULL,7,'http://127.0.0.1:3000/img/pc_index_menu/menu7/7.jpg','自拍杆'),
(NULL,7,'http://127.0.0.1:3000/img/pc_index_menu/menu7/8.jpg','存储卡'),
(NULL,7,'http://127.0.0.1:3000/img/pc_index_menu/menu7/9.jpg','手机壳'),
(NULL,7,'http://127.0.0.1:3000/img/pc_index_menu/menu7/10.jpg','手机贴膜'),
(NULL,7,'http://127.0.0.1:3000/img/pc_index_menu/menu7/11.jpg','手机支架'),
(NULL,7,'http://127.0.0.1:3000/img/pc_index_menu/menu7/12.jpg','平板配件'),
(NULL,7,'http://127.0.0.1:3000/img/pc_index_menu/menu7/13.jpg','黑鲨配件'),
(NULL,7,'http://127.0.0.1:3000/img/pc_index_menu/menu7/14.jpg','其他配件'),


(NULL,8,'http://127.0.0.1:3000/img/pc_index_menu/menu8/1.jpg','洗手机'),
(NULL,8,'http://127.0.0.1:3000/img/pc_index_menu/menu8/2.jpg','剃须刀'),
(NULL,8,'http://127.0.0.1:3000/img/pc_index_menu/menu8/3.jpg','牙刷'),
(NULL,8,'http://127.0.0.1:3000/img/pc_index_menu/menu8/4.jpg','吹风机'),
(NULL,8,'http://127.0.0.1:3000/img/pc_index_menu/menu8/5.jpg','体重秤'),
(NULL,8,'http://127.0.0.1:3000/img/pc_index_menu/menu8/6.jpg','血压计'),
(NULL,8,'http://127.0.0.1:3000/img/pc_index_menu/menu8/7.jpg','体温计'),
(NULL,8,'http://127.0.0.1:3000/img/pc_index_menu/menu8/8.jpg','早教启智'),
(NULL,8,'http://127.0.0.1:3000/img/pc_index_menu/menu8/9.jpg','遥控电动'),
(NULL,8,'http://127.0.0.1:3000/img/pc_index_menu/menu8/10.jpg','益智积木'),
(NULL,8,'http://127.0.0.1:3000/img/pc_index_menu/menu8/11.jpg','儿童手表'),
(NULL,8,'http://127.0.0.1:3000/img/pc_index_menu/menu8/12.jpg','儿童滑板车'),
(NULL,8,'http://127.0.0.1:3000/img/pc_index_menu/menu8/13.jpg','米兔拉杆箱'),
(NULL,8,'http://127.0.0.1:3000/img/pc_index_menu/menu8/14.jpg','婴儿推车'),


(NULL,9,'http://127.0.0.1:3000/img/pc_index_menu/menu9/1.jpg','小米小爱音箱mini'),
(NULL,9,'http://127.0.0.1:3000/img/pc_index_menu/menu9/2.jpg','线控耳机'),
(NULL,9,'http://127.0.0.1:3000/img/pc_index_menu/menu9/3.jpg','蓝牙耳机'),
(NULL,9,'http://127.0.0.1:3000/img/pc_index_menu/menu9/4.jpg','头戴耳机'),
(NULL,9,'http://127.0.0.1:3000/img/pc_index_menu/menu9/5.jpg','品牌耳机'),
(NULL,9,'http://127.0.0.1:3000/img/pc_index_menu/menu9/6.jpg','蓝牙音箱'),
(NULL,9,'http://127.0.0.1:3000/img/pc_index_menu/menu9/7.jpg','小米AI音箱'),
(NULL,9,'http://127.0.0.1:3000/img/pc_index_menu/menu9/8.png','蓝牙耳机K歌版（故宫版）'),


(NULL,10,'http://127.0.0.1:3000/img/pc_index_menu/menu10/1.jpg','双肩包'),
(NULL,10,'http://127.0.0.1:3000/img/pc_index_menu/menu10/2.jpg','钱包'),
(NULL,10,'http://127.0.0.1:3000/img/pc_index_menu/menu10/3.jpg','口罩'),
(NULL,10,'http://127.0.0.1:3000/img/pc_index_menu/menu10/4.jpg','收纳包'),
(NULL,10,'http://127.0.0.1:3000/img/pc_index_menu/menu10/5.jpg','旅行箱'),
(NULL,10,'http://127.0.0.1:3000/img/pc_index_menu/menu10/6.jpg','运动鞋'),
(NULL,10,'http://127.0.0.1:3000/img/pc_index_menu/menu10/7.jpg','服饰'),
(NULL,10,'http://127.0.0.1:3000/img/pc_index_menu/menu10/8.jpg','眼镜'),
(NULL,10,'http://127.0.0.1:3000/img/pc_index_menu/menu10/9.jpg','床垫'),
(NULL,10,'http://127.0.0.1:3000/img/pc_index_menu/menu10/10.png','枕头'),
(NULL,10,'http://127.0.0.1:3000/img/pc_index_menu/menu10/11.png','被子'),
(NULL,10,'http://127.0.0.1:3000/img/pc_index_menu/menu10/12.png','沙发'),
(NULL,10,'http://127.0.0.1:3000/img/pc_index_menu/menu10/13.jpg','针织件套'),
(NULL,10,'http://127.0.0.1:3000/img/pc_index_menu/menu10/14.jpg','饰品'),
(NULL,10,'http://127.0.0.1:3000/img/pc_index_menu/menu10/15.jpg','螺丝刀'),
(NULL,10,'http://127.0.0.1:3000/img/pc_index_menu/menu10/16.jpg','保温杯'),
(NULL,10,'http://127.0.0.1:3000/img/pc_index_menu/menu10/17.jpg','伞'),
(NULL,10,'http://127.0.0.1:3000/img/pc_index_menu/menu10/18.jpg','驱蚊器'),
(NULL,10,'http://127.0.0.1:3000/img/pc_index_menu/menu10/19.jpg','尤克里里'),
(NULL,10,'http://127.0.0.1:3000/img/pc_index_menu/menu10/20.jpg','毛巾/浴巾'),
(NULL,10,'http://127.0.0.1:3000/img/pc_index_menu/menu10/21.jpg','米兔'),
(NULL,10,'http://127.0.0.1:3000/img/pc_index_menu/menu10/22.jpg','签字笔'),
(NULL,10,'http://127.0.0.1:3000/img/pc_index_menu/menu10/23.jpg','笔记本');



/* 小米pc主页导航栏数据 */
CREATE TABLE xm_pcIndex_nav(
    pid INT PRIMARY KEY AUTO_INCREMENT,
    nid INT,
    p_img_url VARCHAR(255),
    p_name VARCHAR(50),
    p_price INT,
    p_active VARCHAR(30)
);
INSERT INTO xm_pcIndex_nav VALUES
(NULL,1,'http://127.0.0.1:3000/img/pc_index_nav/nav1/1.png','小米MIX 3',3299,'新品'),
(NULL,1,'http://127.0.0.1:3000/img/pc_index_nav/nav1/2.png','小米8 青春版',1399,''),
(NULL,1,'http://127.0.0.1:3000/img/pc_index_nav/nav1/3.png','小米8',2699,''),
(NULL,1,'http://127.0.0.1:3000/img/pc_index_nav/nav1/4.png','小米Play 4GB+64GB',1099,'新品'),
(NULL,1,'http://127.0.0.1:3000/img/pc_index_nav/nav1/5.png','小米Play 6GB+64GB',1299,'新品'),
(NULL,1,'http://127.0.0.1:3000/img/pc_index_nav/nav1/6.png','小米Play 6GB+128GB',1599,'新品'),


(NULL,2,'http://127.0.0.1:3000/img/pc_index_nav/nav2/1.png','红米6 Pro',999,''),
(NULL,2,'http://127.0.0.1:3000/img/pc_index_nav/nav2/2.png','红米6',799,''),
(NULL,2,'http://127.0.0.1:3000/img/pc_index_nav/nav2/3.png','红米6A',599,''),
(NULL,2,'http://127.0.0.1:3000/img/pc_index_nav/nav2/4.png','红米Note 5',1099,''),


(NULL,3,'http://127.0.0.1:3000/img/pc_index_nav/nav3/1.png','小米电视4S 75英寸',7999,'新品'),
(NULL,3,'http://127.0.0.1:3000/img/pc_index_nav/nav3/2.png','小米电视4A 32英寸',799,'热卖'),
(NULL,3,'http://127.0.0.1:3000/img/pc_index_nav/nav3/3.png','小米电视4A 43英寸青春版',1499,'新品'),
(NULL,3,'http://127.0.0.1:3000/img/pc_index_nav/nav3/4.png','小米电视4A 50英寸',1999,'热卖'),
(NULL,3,'http://127.0.0.1:3000/img/pc_index_nav/nav3/5.jpg','小米电视4A 55英寸',2399,'热卖'),
(NULL,3,'http://127.0.0.1:3000/img/pc_index_nav/nav3/6.png','查看全部','',''),


(NULL,4,'http://127.0.0.1:3000/img/pc_index_nav/nav4/1.jpg','小米笔记本 Air 12.5"',3599,''),
(NULL,4,'http://127.0.0.1:3000/img/pc_index_nav/nav4/2.jpg','小米笔记本 Air 13.3"',4999,''),
(NULL,4,'http://127.0.0.1:3000/img/pc_index_nav/nav4/3.png','小米笔记本 15.6"',4199,'新品'),
(NULL,4,'http://127.0.0.1:3000/img/pc_index_nav/nav4/4.png','小米笔记本 Pro 15.6"',5599,''),
(NULL,4,'http://127.0.0.1:3000/img/pc_index_nav/nav4/5.png','小米游戏本',6699,'新品'),
(NULL,4,'http://127.0.0.1:3000/img/pc_index_nav/nav4/6.png','小米平板',1099,''),


(NULL,5,'http://127.0.0.1:3000/img/pc_index_nav/nav5/1.jpg','米家互联网空调（一级能效）',2499,''),
(NULL,5,'http://127.0.0.1:3000/img/pc_index_nav/nav5/2.jpg','米家互联网空调',1999,''),
(NULL,5,'http://127.0.0.1:3000/img/pc_index_nav/nav5/3.jpg','米家空气净化器Pro',1499,''),
(NULL,5,'http://127.0.0.1:3000/img/pc_index_nav/nav5/4.jpg','小米净水器',1999,''),
(NULL,5,'http://127.0.0.1:3000/img/pc_index_nav/nav5/5.jpg','米家扫地机器人',1699,''),
(NULL,5,'http://127.0.0.1:3000/img/pc_index_nav/nav5/6.jpg','新风机',2499,''),

(NULL,6,'http://127.0.0.1:3000/img/pc_index_nav/nav6/1.png','小米8 青春版',1399,'新品'),
(NULL,6,'http://127.0.0.1:3000/img/pc_index_nav/nav6/2.png','小米8 屏幕指纹版',3199,'新品'),
(NULL,6,'http://127.0.0.1:3000/img/pc_index_nav/nav6/3.jpg','小米手环3 NFC版',199,''),
(NULL,6,'http://127.0.0.1:3000/img/pc_index_nav/nav6/4.jpg','小米米家小白智能摄像机增强版',399,''),
(NULL,6,'http://127.0.0.1:3000/img/pc_index_nav/nav6/5.jpg','小米小爱智能闹钟',149,''),
(NULL,6,'http://127.0.0.1:3000/img/pc_index_nav/nav6/6.png','小米小爱蓝牙音箱随身版',49,''),

(NULL,7,'http://127.0.0.1:3000/img/pc_index_nav/nav7/1.png','小米路由器 4',199,'双频双核'),
(NULL,7,'http://127.0.0.1:3000/img/pc_index_nav/nav7/2.png','小米路由器 4Q',99,''),
(NULL,7,'http://127.0.0.1:3000/img/pc_index_nav/nav7/3.png','小米路由器 3A',139,''),
(NULL,7,'http://127.0.0.1:3000/img/pc_index_nav/nav7/4.png','小米路由器 3G',249,'双千兆'),
(NULL,7,'http://127.0.0.1:3000/img/pc_index_nav/nav7/5.png','小米路由器 HD/Pro',499,'大容量'),
(NULL,7,'http://127.0.0.1:3000/img/pc_index_nav/nav7/6.png','查看全部小米路由器','',''),

(NULL,8,'http://127.0.0.1:3000/img/pc_index_nav/nav8/1.jpg','小米米家智能摄像机云台版',199,''),
(NULL,8,'http://127.0.0.1:3000/img/pc_index_nav/nav8/2.jpg','米家自动洗手机套装',79,''),
(NULL,8,'http://127.0.0.1:3000/img/pc_index_nav/nav8/3.jpg','小米蓝牙耳机AirDots青春版',199,''),
(NULL,8,'http://127.0.0.1:3000/img/pc_index_nav/nav8/4.jpg','小米小爱音箱mini',169,''),
(NULL,8,'http://127.0.0.1:3000/img/pc_index_nav/nav8/5.jpg','米家电动剃须刀',199,''),
(NULL,8,'http://127.0.0.1:3000/img/pc_index_nav/nav8/6.jpg','查看全部','','');


/* 小米pc主页闪购2点场 */
CREATE TABLE xm_pcIndex_flash(
    fid INT PRIMARY KEY AUTO_INCREMENT,
    timeId INT,
    f_img VARCHAR(255),
    f_kill_img VARCHAR(255),
    f_title VARCHAR(50),
    f_subtitle VARCHAR(50),
    f_price INT,
    f_original_price INT,
    f_active VARCHAR(30)
);
INSERT INTO xm_pcIndex_flash VALUES
(NULL,14,'http://127.0.0.1:3000/img/pc_index_flash/flash14/index_flash/1.jpg','http://127.0.0.1:3000/img/pc_index_flash/flash14/kill/1.png','小米运动蓝牙耳机mini 白色 ','迷你机身, 小如蚕豆',1,169,'一元秒杀'),
(NULL,14,'http://127.0.0.1:3000/img/pc_index_flash/flash14/index_flash/2.jpg','http://127.0.0.1:3000/img/pc_index_flash/flash14/kill/2.png','新小米移动电源2 (10000mAh) 黑色 ','双向快充，铝合金外壳',1,79,'一元秒杀'),
(NULL,14,'http://127.0.0.1:3000/img/pc_index_flash/flash14/index_flash/3.jpg','http://127.0.0.1:3000/img/pc_index_flash/flash14/kill/3.jpg','米家wiha精修螺丝刀套装 灰色 ','满足大多数日常所需',85,99,''),
(NULL,14,'http://127.0.0.1:3000/img/pc_index_flash/flash14/index_flash/4.jpg','http://127.0.0.1:3000/img/pc_index_flash/flash14/kill/4.png','彩虹7号电池（10粒装） ','无汞无镉 环保电池',1,9.9,'一元秒杀'),
(NULL,14,'http://127.0.0.1:3000/img/pc_index_flash/flash14/index_flash/5.jpg','http://127.0.0.1:3000/img/pc_index_flash/flash14/kill/5.jpg','红米6 4GB+64GB 樱花粉 ','小屏高性能的双摄手机',799,999,''),
(NULL,14,'http://127.0.0.1:3000/img/pc_index_flash/flash14/index_flash/6.jpg','http://127.0.0.1:3000/img/pc_index_flash/flash14/kill/6.jpg','米家男子运动鞋2 深花灰色 ','轻盈灵巧 动静皆宜，仅限深花灰色 41',175,199,''),
(NULL,14,'http://127.0.0.1:3000/img/pc_index_flash/flash14/index_flash/7.jpg','http://127.0.0.1:3000/img/pc_index_flash/flash14/kill/7.jpg','8H多功能护颈枕U1 混灰色 ','乳胶颗粒填充 ，舒适入睡',65,79,''),
(NULL,14,'http://127.0.0.1:3000/img/pc_index_flash/flash14/index_flash/8.jpg','http://127.0.0.1:3000/img/pc_index_flash/flash14/kill/8.png','小米手环 2 黑色 ','OLED 显示屏，触摸操作',74.5,149,'五折秒杀'),
(NULL,14,'http://127.0.0.1:3000/img/pc_index_flash/flash14/index_flash/9.jpg','http://127.0.0.1:3000/img/pc_index_flash/flash14/kill/9.jpg','米家运动鞋2 男款 黑色 ','轻盈灵巧 动静皆宜，仅限黑色 43',175,199,''),
(NULL,14,'http://127.0.0.1:3000/img/pc_index_flash/flash14/index_flash/10.jpg','http://127.0.0.1:3000/img/pc_index_flash/flash14/kill/10.png','米兔智能积木 白色 ','动手又动脑',99.5,199,'五折秒杀'),


(NULL,16,'http://127.0.0.1:3000/img/pc_index_flash/flash16/index_flash/1.jpg','http://127.0.0.1:3000/img/pc_index_flash/flash16/kill/1.png','小米无线鼠标青春版 黑色 ','办公、生活的省心拍档',1,49,'1元秒杀'),
(NULL,16,'http://127.0.0.1:3000/img/pc_index_flash/flash16/index_flash/2.jpg','http://127.0.0.1:3000/img/pc_index_flash/flash16/kill/2.png','8H凉感眼罩 混灰色 ','随时随地，做个梦想家',1,23,'1元秒杀'),
(NULL,16,'http://127.0.0.1:3000/img/pc_index_flash/flash16/index_flash/3.jpg','http://127.0.0.1:3000/img/pc_index_flash/flash16/kill/3.png','小米极简都市双肩包 深灰 ','方形立体设计',1,149,'1元秒杀'),
(NULL,16,'http://127.0.0.1:3000/img/pc_index_flash/flash16/index_flash/4.jpg','http://127.0.0.1:3000/img/pc_index_flash/flash16/kill/4.png','8H记忆绵护椎腰靠 混灰色 ','处处体贴，为你撑腰',75,89,''),
(NULL,16,'http://127.0.0.1:3000/img/pc_index_flash/flash16/index_flash/5.jpg','http://127.0.0.1:3000/img/pc_index_flash/flash16/kill/5.png','90分简约头层小牛皮手包 棕色 ','进口头层牛皮革，精致油边工艺',99.5,199,'五折秒杀'),
(NULL,16,'http://127.0.0.1:3000/img/pc_index_flash/flash16/index_flash/6.jpg','http://127.0.0.1:3000/img/pc_index_flash/flash16/kill/6.png','红米Note 5 移动4G+版 4GB内存 64GB 玫瑰金 ','1.4μm大像素 AI双摄',1029,1399,''),
(NULL,16,'http://127.0.0.1:3000/img/pc_index_flash/flash16/index_flash/7.jpg','http://127.0.0.1:3000/img/pc_index_flash/flash16/kill/7.png','小米6X 6GB+128GB 冰川蓝 ','轻薄美观的拍照手机',1549,1999,''),
(NULL,16,'http://127.0.0.1:3000/img/pc_index_flash/flash16/index_flash/8.jpg','http://127.0.0.1:3000/img/pc_index_flash/flash16/kill/8.png','小米6X 6GB+128GB 赤焰红 ','轻薄美观的拍照手机',1549,1999,''),
(NULL,16,'http://127.0.0.1:3000/img/pc_index_flash/flash16/index_flash/9.jpg','http://127.0.0.1:3000/img/pc_index_flash/flash16/kill/9.png','小米6X 6GB+128GB 樱花粉 ','轻薄美观的拍照手机',1549,1999,''),
(NULL,16,'http://127.0.0.1:3000/img/pc_index_flash/flash16/index_flash/10.jpg','http://127.0.0.1:3000/img/pc_index_flash/flash16/kill/10.png','米家金属签字笔 银色 ','恰当好处的舒适握感',20.9,24.9,''),
(NULL,16,'http://127.0.0.1:3000/img/pc_index_flash/flash16/index_flash/11.png','http://127.0.0.1:3000/img/pc_index_flash/flash16/kill/11.png','小米路由器4 ','双频双核 更快更稳定',168,199,''),
(NULL,16,'http://127.0.0.1:3000/img/pc_index_flash/flash16/index_flash/12.jpg','http://127.0.0.1:3000/img/pc_index_flash/flash16/kill/12.png','米动手表青春版 曜石黑 ','满足你的各种运动需求',365,399,''),
(NULL,16,'http://127.0.0.1:3000/img/pc_index_flash/flash16/index_flash/13.png','http://127.0.0.1:3000/img/pc_index_flash/flash16/kill/13.png','米兔轨道积木 电动火车套装 彩色 ','送给孩子的私人游乐场',148,299,''),
(NULL,16,'http://127.0.0.1:3000/img/pc_index_flash/flash16/index_flash/14.png','http://127.0.0.1:3000/img/pc_index_flash/flash16/kill/14.png','小米路由器3A 纯白色 ','一台覆盖更广的双频路由器',98,139,''),


(NULL,18,'http://127.0.0.1:3000/img/pc_index_flash/flash18/index_flash/1.jpg','http://127.0.0.1:3000/img/pc_index_flash/flash18/kill/1.png','红米6 4GB+64GB 铂银灰  ','小屏高性能的双摄手机',799,999,'立减200元'),
(NULL,18,'http://127.0.0.1:3000/img/pc_index_flash/flash18/index_flash/2.jpg','http://127.0.0.1:3000/img/pc_index_flash/flash18/kill/2.png','小米USB Type C快速充电数据线 灰色 ','快速充电，稳定传输',1,16.9,'一元秒杀'),
(NULL,18,'http://127.0.0.1:3000/img/pc_index_flash/flash18/index_flash/3.jpg','http://127.0.0.1:3000/img/pc_index_flash/flash18/kill/3.png','8H多功能护颈枕U1 混灰色 ','乳胶颗粒填充 ，舒适入睡',65,79,''),
(NULL,18,'http://127.0.0.1:3000/img/pc_index_flash/flash18/index_flash/4.jpg','http://127.0.0.1:3000/img/pc_index_flash/flash18/kill/4.png','彩虹5号电池（10粒装） ','无汞无镉 安全环保',1,9.9,''),
(NULL,18,'http://127.0.0.1:3000/img/pc_index_flash/flash18/index_flash/5.jpg','http://127.0.0.1:3000/img/pc_index_flash/flash18/kill/5.png','Yeelight LED灯泡 彩光版 ','亮度自由调节',1,99,'一元秒杀'),
(NULL,18,'http://127.0.0.1:3000/img/pc_index_flash/flash18/index_flash/6.jpg','http://127.0.0.1:3000/img/pc_index_flash/flash18/kill/6.png','米家电水壶 白色 ','一杯水，是一家人的安心',1,99,'一元秒杀'),
(NULL,18,'http://127.0.0.1:3000/img/pc_index_flash/flash18/index_flash/7.jpg','http://127.0.0.1:3000/img/pc_index_flash/flash18/kill/7.png','自动折叠伞 黑 ','防泼水伞布，轻盈拒水',85,99,''),
(NULL,18,'http://127.0.0.1:3000/img/pc_index_flash/flash18/index_flash/8.jpg','http://127.0.0.1:3000/img/pc_index_flash/flash18/kill/8.png','红米Note 5 4GB+ 64GB 金色  ','1.4μm大像素 AI 双摄',1029,1399,''),
(NULL,18,'http://127.0.0.1:3000/img/pc_index_flash/flash18/index_flash/9.jpg','http://127.0.0.1:3000/img/pc_index_flash/flash18/kill/9.png','红米6 4GB+64GB 巴厘蓝 ','小屏高性能的双摄手机',799,999,''),
(NULL,18,'http://127.0.0.1:3000/img/pc_index_flash/flash18/index_flash/10.jpg','http://127.0.0.1:3000/img/pc_index_flash/flash18/kill/10.png','8H三曲线护颈记忆绵枕 白色 ','告诉你，整夜好眠的秘密',85,99,''),
(NULL,18,'http://127.0.0.1:3000/img/pc_index_flash/flash18/index_flash/11.jpg','http://127.0.0.1:3000/img/pc_index_flash/flash18/kill/11.png','小米手环2腕带 绿色 ','多彩腕带，出色生活',1,19.9,'一元秒杀'),
(NULL,18,'http://127.0.0.1:3000/img/pc_index_flash/flash18/index_flash/12.jpg','http://127.0.0.1:3000/img/pc_index_flash/flash18/kill/12.png','小米手环2专用充电器 ','轻松携带，充电无忧',4,9.9,''),


(NULL,20,'http://127.0.0.1:3000/img/pc_index_flash/flash20/index_flash/1.jpg','http://127.0.0.1:3000/img/pc_index_flash/flash20/kill/1.png','小米车载充电器快充版 银色 ','让爱车成为移动充电站',1,69,'一元秒杀'),
(NULL,20,'http://127.0.0.1:3000/img/pc_index_flash/flash20/index_flash/2.jpg','http://127.0.0.1:3000/img/pc_index_flash/flash20/kill/2.png','小米蓝牙音箱 红色  ','能装进口袋的好音箱',9.9,149,'9.9元秒杀'),
(NULL,20,'http://127.0.0.1:3000/img/pc_index_flash/flash20/index_flash/3.jpg','http://127.0.0.1:3000/img/pc_index_flash/flash20/kill/3.png','小黄鸡米兔 黄色  ','Q萌造型 让心融化',1,49,'一元秒杀'),
(NULL,20,'http://127.0.0.1:3000/img/pc_index_flash/flash20/index_flash/4.jpg','http://127.0.0.1:3000/img/pc_index_flash/flash20/kill/4.png','90分轻薄无缝一体织鹅绒羽绒服 蓝色  ','轻薄无缝一体织，仅限蓝色 XL',255,299,''),
(NULL,20,'http://127.0.0.1:3000/img/pc_index_flash/flash20/index_flash/5.jpg','http://127.0.0.1:3000/img/pc_index_flash/flash20/kill/5.png','保温杯 白色  ','12小时保温保冷',85,99,''),
(NULL,20,'http://127.0.0.1:3000/img/pc_index_flash/flash20/index_flash/6.jpg','http://127.0.0.1:3000/img/pc_index_flash/flash20/kill/6.png','Amazfit智能运动手表2 黑色  ','陶瓷表圈，50米防水',899,999,'立减100元'),
(NULL,20,'http://127.0.0.1:3000/img/pc_index_flash/flash20/index_flash/7.jpg','http://127.0.0.1:3000/img/pc_index_flash/flash20/kill/7.png','8H护颈乳胶枕  ','多重新科技  升级好睡眠',195,239,''),
(NULL,20,'http://127.0.0.1:3000/img/pc_index_flash/flash20/index_flash/8.jpg','http://127.0.0.1:3000/img/pc_index_flash/flash20/kill/8.png','小米活塞耳机 清新版 银色  ','新鲜绽放',1,29,'一元秒杀'),


(NULL,22,'http://127.0.0.1:3000/img/pc_index_flash/flash22/index_flash/1.jpg','http://127.0.0.1:3000/img/pc_index_flash/flash22/kill/1.png','小米米家行车记录仪1S 黑色 ','1080P 星光夜视 夜拍更清晰',9.9,349,'9.9元秒杀'),
(NULL,22,'http://127.0.0.1:3000/img/pc_index_flash/flash22/index_flash/2.jpg','http://127.0.0.1:3000/img/pc_index_flash/flash22/kill/2.png','小米随身手电筒 白色 ','11挡亮度轻松切换',1,79,'一元秒杀'),
(NULL,22,'http://127.0.0.1:3000/img/pc_index_flash/flash22/index_flash/3.jpg','http://127.0.0.1:3000/img/pc_index_flash/flash22/kill/3.png','彩虹5号电池（10粒装） ','无汞无镉 安全环保',1,9.9,''),
(NULL,22,'http://127.0.0.1:3000/img/pc_index_flash/flash22/index_flash/4.jpg','http://127.0.0.1:3000/img/pc_index_flash/flash22/kill/4.png','米家wiha精修螺丝刀套装 灰色 ','满足大多数日常所需',85,99,''),
(NULL,22,'http://127.0.0.1:3000/img/pc_index_flash/flash22/index_flash/5.jpg','http://127.0.0.1:3000/img/pc_index_flash/flash22/kill/5.png','90分轻薄无缝一体织鹅绒羽绒服 蓝色 ','轻薄无缝一体织，仅限蓝色 XXL',259,299,''),
(NULL,22,'http://127.0.0.1:3000/img/pc_index_flash/flash22/index_flash/6.jpg','http://127.0.0.1:3000/img/pc_index_flash/flash22/kill/6.png','小米手环3腕带 藕荷粉 ','顺滑柔软 触感舒适',1,19.9,''),
(NULL,22,'http://127.0.0.1:3000/img/pc_index_flash/flash22/index_flash/7.jpg','http://127.0.0.1:3000/img/pc_index_flash/flash22/kill/7.png','小默相机 白色 ','发现新视角 自拍大不同',199.5,399,'五折秒杀'),
(NULL,22,'http://127.0.0.1:3000/img/pc_index_flash/flash22/index_flash/8.jpg','http://127.0.0.1:3000/img/pc_index_flash/flash22/kill/8.png','Amazfit Cor手环 猎豹黑 ','彩色IPS触摸屏，50米游泳防水',279,299,'');


/* 手机商品系列列表 */
CREATE TABLE xm_phone_series(
    sid INT PRIMARY KEY AUTO_INCREMENT,
    sname VARCHAR(50),
    stitle VARCHAR(100),
    active_title VARCHAR(100),
    subtitle VARCHAR(200),
    extend BOOLEAN,
    poster VARCHAR(255)
);
INSERT INTO xm_phone_series VALUES
(NULL,'小米8 青春版','潮流镜面渐变色，2400万自拍旗舰','「6GB+64GB 梦幻蓝、深空灰 限时秒杀立省100元」','潮流镜面渐变色 / 2400万自拍旗舰 / 7.5mm超薄机身 / 6.26"小刘海全面屏 / AI裸妆美颜 / 骁龙660AIE处理器',1,'http://127.0.0.1:3000/img/pc_index_phone/1.jpg'),
(NULL,'小米8 屏幕指纹版','全球首款压感屏幕指纹，双频GPS超精准定位','「8GB+128GB 立省200，到手价3399元」「6GB+128GB 赠贴膜」','全球首款 压感屏幕指纹 / 双频GPS超精准定位 / 支持红外人脸识别 / 骁龙845 AIE 旗舰处理器',1,'http://127.0.0.1:3000/img/pc_index_phone/2.png'),
(NULL,'小米8 SE','AI 超感光双摄，三星 AMOLED 屏幕','「6GB+64GB 到手价1649元」「6GB+128GB 到手价1849元」','	三星 AMOLED 全面屏 小屏旗舰 / 骁龙710处理器 / AI 超感光双摄 / 前置2000万柔光自拍',0,'http://127.0.0.1:3000/img/pc_index_phone/3.jpg'),
(NULL,'小米MIX 2S','骁龙845 年度旗舰处理器，艺术品般陶瓷机身','「6GB+128GB，立省900元」「8GB+256GB，黑色／白色立省600元，翡翠色立省400元」','陶瓷机身 手机中的艺术品 / 搭载高通骁龙845 年度旗舰处理器 / AI超感光双摄，DxO百分相机 / 高效 Qi 无线充电',0,'http://127.0.0.1:3000/img/pc_index_phone/4.jpg'),
(NULL,'小米6X','轻薄美观的拍照手机','「6GB+64GB 限时特惠 到手价1299元」「6GB+128GB，到手价1499元」','轻薄美观的拍照手机 / 前置2000万“治愈系”自拍 / 后置2000万 AI双摄 / 标配骁龙660 AIE处理器',0,'http://127.0.0.1:3000/img/pc_index_phone/5.jpg'),
(NULL,'小米Max 3','','「全系限时立省100元」','大屏大电量 震撼视界 / 5500mAh 电量，支持给多个设备充电 / AI 双摄超大像素，双核对焦 / 单手可握纤薄全金属机身',0,'http://127.0.0.1:3000/img/pc_index_phone/6.jpg'),
(NULL,'红米6 Pro','','「4GB+64GB，到手价1029元」「赠米粉卡」','高颜值大电量 红米旗舰 / 异形全面屏 19:9 FHD＋ / 后置1200万 AI双摄',0,'http://127.0.0.1:3000/img/pc_index_phone/7.jpg'),
(NULL,'红米6A','','「2GB+16GB，到手价549元」「3GB+32GB，到手价649元」「赠米粉卡」','好用好看不贵 / 12nm高性能处理器 / 1300万高清相机 / “小杨柳腰”机身',0,'http://127.0.0.1:3000/img/pc_index_phone/8.jpg');

/* 手机信息列表 */
CREATE TABLE xm_phone_detail(
    pid INT PRIMARY KEY AUTO_INCREMENT,
    series_id INT,
    edition VARCHAR(50),
    p_color VARCHAR(50),
    price INT,
    original_price INT,
    stock BOOLEAN,
    gift VARCHAR(100),
    flash BOOLEAN,
    active VARCHAR(20),
    FOREIGN KEY(series_id) REFERENCES xm_phone_series(sid)
);
INSERT INTO xm_phone_detail VALUES
(NULL,1,'6GB+64GB','梦幻蓝 全网通',1599,1699,1,'',1,'新品'),
(NULL,1,'6GB+64GB','深空灰 全网通',1599,1699,1,'',1,'新品'),
(NULL,1,'6GB+64GB','暮光金 全网通',1999,'',1,'赠米粉卡，最高含100元话费',0,'新品'),
(NULL,1,'4GB+64GB','深空灰 全网通',1399,'',1,'赠米粉卡，最高含100元话费',0,'新品'),
(NULL,1,'6GB+128GB','梦幻蓝 全网通',1999,'',1,'赠米粉卡，最高含100元话费',0,'新品'),
(NULL,1,'6GB+128GB','深空灰 全网通',1999,'',1,'赠米粉卡，最高含100元话费',0,'新品'),
(NULL,1,'6GB+128GB','暮光金 全网通',1999,'',1,'赠米粉卡，最高含100元话费',0,'新品'),
(NULL,1,'4GB+128GB','梦幻蓝 全网通',1799,'',1,'',0,'新品'),
(NULL,1,'4GB+128GB','深空灰 全网通',1799,'',1,'',0,'新品'),

(NULL,2,'8GB+128GB','透明 全网通',3399,3599,1,'赠米粉卡，最高含100元话费/赠标准高透贴膜',0,'新品'),
(NULL,2,'8GB+128GB','暮光金 全网通',3399,3599,1,'赠米粉卡，最高含100元话费/赠标准高透贴膜',0,'新品'),
(NULL,2,'6GB+128GB','黑色 全网通',3199,'',1,'赠米粉卡，最高含100元话费/赠标准高透贴膜',0,'新品'),

(NULL,3,'6GB+64GB','深灰 全网通',1699,1999,1,'',1,'减300'),
(NULL,3,'6GB+64GB','亮蓝 全网通',1699,1999,1,'',1,'减300'),
(NULL,3,'6GB+64GB','亮红 全网通',1699,1999,1,'',1,'减300'),
(NULL,3,'6GB+64GB','金色 全网通',1699,1999,1,'',1,'减300'),
(NULL,3,'6GB+128GB','深灰 全网通',1899,2299,1,'',1,'减300'),
(NULL,3,'6GB+128GB','亮蓝 全网通',1899,2299,1,'',1,'减300'),
(NULL,3,'6GB+128GB','亮红 全网通',1899,2299,1,'',1,'减300'),
(NULL,3,'6GB+128GB','金色 全网通',1899,2299,1,'',1,'减300'),

(NULL,4,'6GB+128GB','黑色',2699,3599,1,'赠米粉卡，最高含100元话费',0,'减1100'),
(NULL,4,'6GB+128GB','白色',2699,3599,1,'赠米粉卡，最高含100元话费',0,'减1100'),
(NULL,4,'6GB+128GB 移动4G+','黑色',2499,3599,1,'',0,'满减1100'),
(NULL,4,'8GB+256GB 尊享版','黑色',3399,3999,1,'赠米粉卡，最高含100元话费/小米MIX 2S 256GB版本 赠无线充电器',0,'减600'),
(NULL,4,'8GB+256GB 尊享版','白色',3399,3999,1,'赠米粉卡，最高含100元话费/小米MIX 2S 256GB版本 赠无线充电器',0,'减600'),
(NULL,4,'8GB+256GB 翡翠色','翡翠色',3599,3999,1,'赠米粉卡，最高含100元话费/翡翠色 256GB 赠无线充电器',0,'减400'),
(NULL,4,'6GB+64GB','白色',2899,3299,1,'赠米粉卡，最高含100元话费',0,'减300'),

(NULL,5,'6GB+128GB','樱花粉',1599,1999,1,'',1,'尊享8折'),

(NULL,6,'6GB+128GB','金色',1599,1699,1,'赠米粉卡，最高含100元话费',0,'减100'),

(NULL,7,'4GB+64GB','流沙金',1029,1299,1,'',1,'满减130'),

(NULL,8,'2GB+16GB','流沙金',549,599,1,'',1,'满减50');